flight_number,origin,destination,flight_type
1I 495,,,International
3F 877,,,International
3F 877,,,International
3F 878,,,International
3F 878,,,International
3T 204,,,International
3T 204,,,International
3T 205,,,International
3T 205,,,International
3T 7202,,,International
3T 7203,,,International
3U 7103,,,International
3U 7103,,,International
3U 7104,,,International
3U 7104,,,International
3U 7141,,,International
3U 7141,,,International
3U 7142,,,International
3U 7142,,,International
3U 7201,,,International
3U 7201,,,International
3U 7202,,,International
3U 7202,,,International
3U 7204,,,International
3U 7204,,,International
3U 7205,,,International
3U 7205,,,International
3U 7206,,,International
3U 7206,,,International
3U 7207,,,International
3U 7207,,,International
3U 7208,,,International
3U 7208,,,International
3U 7209,,,International
3U 7209,,,International
3U 7210,,,International
3U 7210,,,International
3U 7233,,,International
3U 7233,,,International
3U 7234,,,International
3U 7234,,,International
3U 7237,,,International
3U 7237,,,International
3U 7238,,,International
4Y 1240,,,International
4Y 1240,,,International
4Y 1241,,,International
4Y 1241,,,International
4Y 1284,,,International
4Y 1284,,,International
4Y 1285,,,International
4Y 1285,,,International
4Y 308,,,International
4Y 309,,,International
4Z 315,,,International
4Z 327,,,International
4Z 342,,,International
4Z 365,,,International
4Z 3682,,,International
4Z 382,,,International
4Z 383,,,International
4Z 391,,,International
4Z 633,,,International
4Z 634,,,International
4Z 652,,,International
4Z 656,,,International
4Z 658,,,International
4Z 662,,,International
4Z 664,,,International
4Z 923,,,International
4Z 924,,,International
4Z 927,,,International
4Z 928,,,International
4Z 929,,,International
4Z 931,,,International
4Z 951,,,International
5Z 905,,,International
5Z 992,,,International
6B 623,,,International
6B 623,,,International
6B 624,,,International
6B 624,,,International
6E 1,,,International
6E 1,,,International
6E 2,,,International
6E 2,,,International
6E 3,,,International
6E 3,,,International
6E 3260,,,International
6E 3260,,,International
6E 3261,,,International
6E 3261,,,International
6E 3262,,,International
6E 3262,,,International
6E 3349,,,International
6E 3349,,,International
6E 3394,,,International
6E 3394,,,International
6E 4,,,International
6E 4,,,International
6E 4062,,,International
6E 4062,,,International
6E 4064,,,International
6E 4065,,,International
6E 4065,,,International
6E 4066,,,International
6E 4066,,,International
6E 4067,,,International
6E 4067,,,International
6E 4068,,,International
6E 4068,,,International
6E 4069,,,International
6E 4069,,,International
6E 4070,,,International
6E 4070,,,International
6E 4071,,,International
6E 4071,,,International
6E 4072,,,International
6E 4072,,,International
6E 4073,,,International
6E 4073,,,International
6E 4074,,,International
6E 4074,,,International
6E 4075,,,International
6E 4075,,,International
6E 61,,,International
6E 61,,,International
6E 62,,,International
6E 62,,,International
6E 65,,,International
6E 65,,,International
6E 67,,,International
6E 67,,,International
6E 68,,,International
6E 68,,,International
6E 75,,,International
6E 75,,,International
6E 8054,,,International
6E 8054,,,International
6E 8055,,,International
6E 8055,,,International
6E 8056,,,International
6E 8056,,,International
6E 92,,,International
6H 585,,,International
6H 585,,,International
6H 586,,,International
6H 586,,,International
8C 3344,,,International
8C 3348,,,International
8C 4350,,,International
9P 586,,,International
9P 586,,,International
9P 587,,,International
9P 587,,,International
9P 600,,,International
9P 600,,,International
9P 601,,,International
9P 601,,,International
A3 1456,,,International
A3 1456,,,International
A3 1513,,,International
A3 1513,,,International
A3 1578,,,International
A3 1578,,,International
A3 1602,,,International
A3 1602,,,International
A3 1603,,,International
A3 1603,,,International
A3 1604,,,International
A3 1604,,,International
A3 1610,,,International
A3 1610,,,International
A3 1818,,,International
A3 1818,,,International
A3 1819,,,International
A3 1819,,,International
A3 1820,,,International
A3 1820,,,International
A3 3050,,,International
A3 3050,,,International
A3 3051,,,International
A3 3051,,,International
A3 3057,,,International
A3 3057,,,International
A3 3059,,,International
A3 3059,,,International
A3 3060,,,International
A3 3060,,,International
A3 3061,,,International
A3 3061,,,International
A3 3067,,,International
A3 3067,,,International
A3 3072,,,International
A3 3072,,,International
A3 3090,,,International
A3 3090,,,International
A3 468,,,International
A3 468,,,International
A3 469,,,International
A3 469,,,International
A3 4935,,,International
A3 4935,,,International
A3 4937,,,International
A3 4937,,,International
A3 4938,,,International
A3 4938,,,International
A3 4963,,,International
A3 4963,,,International
A3 499,,,International
A3 546,,,International
A3 546,,,International
A3 547,,,International
A3 547,,,International
A3 600,,,International
A3 600,,,International
A3 601,,,International
A3 601,,,International
A3 602,,,International
A3 602,,,International
A3 603,,,International
A3 603,,,International
A3 608,,,International
A3 608,,,International
A3 609,,,International
A3 609,,,International
A3 7970,,,International
A3 904,,,International
A3 904,,,International
A3 905,,,International
A3 905,,,International
A3 906,,,International
A3 906,,,International
A3 907,,,International
A3 908,,,International
A3 908,,,International
A3 909,,,International
A3 909,,,International
A3 913,,,International
A3 913,,,International
A3 914,,,International
A3 914,,,International
A9 773,,,International
A9 773,,,International
A9 774,,,International
A9 774,,,International
AA 101,,,International
AA 105,,,International
AA 105,,,International
AA 134,,,International
AA 134,,,International
AA 136,,,International
AA 137,,,International
AA 137,,,International
AA 141,,,International
AA 141,,,International
AA 142,,,International
AA 142,,,International
AA 173,,,International
AA 173,,,International
AA 194,,,International
AA 194,,,International
AA 195,,,International
AA 195,,,International
AA 21,,,International
AA 39,,,International
AA 39,,,International
AA 5038,,,International
AA 5038,,,International
AA 54,,,International
AA 55,,,International
AA 55,,,International
AA 5825,,,International
AA 5828,,,International
AA 5828,,,International
AA 5927,,,International
AA 6018,,,International
AA 6018,,,International
AA 6073,,,International
AA 6073,,,International
AA 6113,,,International
AA 6600,,,International
AA 6600,,,International
AA 6602,,,International
AA 6602,,,International
AA 6603,,,International
AA 6603,,,International
AA 6604,,,International
AA 6605,Larnarca Larnaca,,International
AA 6606,,,International
AA 6606,,,International
AA 6607,,,International
AA 6607,,,International
AA 6613,,,International
AA 6615,,,International
AA 6615,,,International
AA 6617,,,International
AA 6617,,,International
AA 6624,,,International
AA 6624,,,International
AA 6625,,,International
AA 6625,,,International
AA 6626,,,International
AA 6626,,,International
AA 6628,,,International
AA 6630,,,International
AA 6630,,,International
AA 6632,,,International
AA 6632,,,International
AA 6634,,,International
AA 6634,,,International
AA 6636,,,International
AA 6637,,,International
AA 6637,,,International
AA 6638,,,International
AA 6638,,,International
AA 6639,,,International
AA 6639,,,International
AA 6642,,,International
AA 6642,,,International
AA 6643,,,International
AA 6643,,,International
AA 6645,,Larnarca Larnaca,International
AA 6645,,Larnarca Larnaca,International
AA 6648,,,International
AA 6648,,,International
AA 6649,,,International
AA 6649,,,International
AA 6651,,,International
AA 6651,,,International
AA 6653,,,International
AA 6655,,,International
AA 6655,,,International
AA 6656,,,International
AA 6656,,,International
AA 6659,,,International
AA 6659,,,International
AA 6660,,,International
AA 6660,,,International
AA 6661,,,International
AA 6661,,,International
AA 6663,,,International
AA 6663,,,International
AA 6664,,,International
AA 6664,,,International
AA 6665,,,International
AA 6665,,,International
AA 6667,,,International
AA 6667,,,International
AA 6668,,,International
AA 6668,,,International
AA 6669,,,International
AA 6669,,,International
AA 6670,,,International
AA 6670,,,International
AA 6672,,,International
AA 6673,,,International
AA 6673,,,International
AA 6676,,,International
AA 6678,,,International
AA 6678,,,International
AA 6680,,,International
AA 6680,,,International
AA 6681,,,International
AA 6681,,,International
AA 6683,,,International
AA 6683,,,International
AA 6684,,Larnarca Larnaca,International
AA 6685,,,International
AA 6685,,,International
AA 6686,,,International
AA 6686,,,International
AA 6689,,,International
AA 6689,,,International
AA 6690,,,International
AA 6691,,,International
AA 6691,,,International
AA 6692,,,International
AA 6692,,,International
AA 6693,,,International
AA 6693,,,International
AA 6695,,,International
AA 6695,,,International
AA 6696,,,International
AA 6696,,,International
AA 6697,,,International
AA 6697,,,International
AA 6698,,,International
AA 6699,,,International
AA 6699,,,International
AA 6700,,,International
AA 6700,,,International
AA 6702,Larnarca Larnaca,,International
AA 6704,,,International
AA 6704,,,International
AA 6707,,,International
AA 6707,,,International
AA 6708,,,International
AA 6708,,,International
AA 6709,,,International
AA 6709,,,International
AA 6710,,,International
AA 6710,,,International
AA 6711,,,International
AA 6711,,,International
AA 6714,,,International
AA 6714,,,International
AA 6715,,,International
AA 6715,,,International
AA 6717,,,International
AA 6717,,,International
AA 6720,,,International
AA 6720,,,International
AA 6722,,,International
AA 6722,,,International
AA 6724,,,International
AA 6727,,,International
AA 6727,,,International
AA 6728,,,International
AA 6728,,,International
AA 6729,,,International
AA 6729,,,International
AA 6730,,,International
AA 6730,,,International
AA 6735,,,International
AA 6738,,,International
AA 6738,,,International
AA 6739,,,International
AA 6741,,,International
AA 6741,,,International
AA 6742,,,International
AA 6742,,,International
AA 6743,,,International
AA 6743,,,International
AA 6744,,,International
AA 6744,,,International
AA 6745,,,International
AA 6745,,,International
AA 6747,,,International
AA 6747,,,International
AA 6748,,,International
AA 6748,,,International
AA 6749,,,International
AA 6749,,,International
AA 6751,,,International
AA 6751,,,International
AA 6753,,,International
AA 6753,,,International
AA 6755,,,International
AA 6755,,,International
AA 6756,,,International
AA 6756,,,International
AA 6758,,,International
AA 6758,,,International
AA 6759,,,International
AA 6759,,,International
AA 6763,,,International
AA 6763,,,International
AA 6764,,,International
AA 6764,,,International
AA 6765,,,International
AA 6765,,,International
AA 6766,,,International
AA 6766,,,International
AA 6767,,,International
AA 6767,,,International
AA 6768,,,International
AA 6774,,,International
AA 6774,,,International
AA 6775,,,International
AA 6775,,,International
AA 6777,,,International
AA 6777,,,International
AA 6779,,,International
AA 6779,,,International
AA 6780,,,International
AA 6782,,,International
AA 6782,,,International
AA 6783,,,International
AA 6783,,,International
AA 6785,,,International
AA 6786,,,International
AA 6786,,,International
AA 6787,,,International
AA 6787,,,International
AA 6789,,,International
AA 6789,,,International
AA 6791,Cape Town,,International
AA 6791,Cape Town,,International
AA 6795,,,International
AA 6795,,,International
AA 6797,,,International
AA 6797,,,International
AA 6798,,,International
AA 6798,,,International
AA 6799,,,International
AA 6799,,,International
AA 6801,,,International
AA 6801,,,International
AA 6802,,,International
AA 6803,,,International
AA 6804,,,International
AA 6805,,,International
AA 6806,,,International
AA 6806,,,International
AA 6807,,,International
AA 6807,,,International
AA 6808,,,International
AA 6808,,,International
AA 6809,,,International
AA 6809,,,International
AA 6810,,,International
AA 6810,,,International
AA 6812,,,International
AA 6812,,,International
AA 6814,,,International
AA 6814,,,International
AA 6815,,,International
AA 6815,,,International
AA 6816,,,International
AA 6817,,,International
AA 6818,,,International
AA 6819,,,International
AA 6819,,,International
AA 6821,,,International
AA 6821,,,International
AA 6822,,,International
AA 6822,,,International
AA 6827,,,International
AA 6827,,,International
AA 6829,,,International
AA 6829,,,International
AA 6830,,,International
AA 6830,,,International
AA 6832,,,International
AA 6832,,,International
AA 6835,,,International
AA 6835,,,International
AA 6838,,,International
AA 6839,,,International
AA 6839,,,International
AA 6840,,,International
AA 6840,,,International
AA 6841,,,International
AA 6841,,,International
AA 6843,,,International
AA 6843,,,International
AA 6844,,,International
AA 6844,,,International
AA 6845,,,International
AA 6845,,,International
AA 6847,,,International
AA 6847,,,International
AA 6848,,,International
AA 6848,,,International
AA 6849,,,International
AA 6849,,,International
AA 6849,,,International
AA 6850,,,International
AA 6853,,,International
AA 6853,,,International
AA 6854,,,International
AA 6854,,,International
AA 6857,,,International
AA 6857,,,International
AA 6858,,,International
AA 6858,,,International
AA 6860,,,International
AA 6860,,,International
AA 6863,,,International
AA 6863,,,International
AA 6865,,,International
AA 6865,,,International
AA 6866,,,International
AA 6866,,,International
AA 6867,,,International
AA 6867,,,International
AA 6870,,,International
AA 6870,,,International
AA 6871,,,International
AA 6871,,,International
AA 6872,,,International
AA 6876,,,International
AA 6876,,,International
AA 6877,,,International
AA 6877,,,International
AA 6878,,,International
AA 6878,,,International
AA 6879,,,International
AA 6879,,,International
AA 6885,,,International
AA 6888,,,International
AA 6892,,,International
AA 6892,,,International
AA 6893,,,International
AA 6893,,,International
AA 6894,,,International
AA 6894,,,International
AA 6896,,,International
AA 6896,,,International
AA 6897,,,International
AA 6897,,,International
AA 6899,,,International
AA 6899,,,International
AA 6902,,,International
AA 6902,,,International
AA 6905,,,International
AA 6906,,,International
AA 6906,,,International
AA 6907,,,International
AA 6907,,,International
AA 6908,,,International
AA 6908,,,International
AA 6910,,,International
AA 6912,,,International
AA 6912,,,International
AA 6913,,,International
AA 6913,,,International
AA 6914,,,International
AA 6915,,,International
AA 6915,,,International
AA 6916,,,International
AA 6916,,,International
AA 6918,,,International
AA 6918,,,International
AA 6920,,,International
AA 6920,,,International
AA 6921,,,International
AA 6922,,,International
AA 6922,,,International
AA 6927,,,International
AA 6927,,,International
AA 6928,,,International
AA 6928,,,International
AA 6934,,,International
AA 6934,,,International
AA 6936,,,International
AA 6938,,,International
AA 6938,,,International
AA 6939,,,International
AA 6939,,,International
AA 6940,,,International
AA 6940,,,International
AA 6941,,,International
AA 6942,,,International
AA 6942,,,International
AA 6944,,,International
AA 6944,,,International
AA 6946,,,International
AA 6946,,,International
AA 6948,,,International
AA 6948,,,International
AA 6949,,,International
AA 6950,,,International
AA 6950,,,International
AA 6953,,,International
AA 6953,,,International
AA 6954,,,International
AA 6954,,,International
AA 6955,,,International
AA 6955,,,International
AA 6956,,,International
AA 6956,,,International
AA 6958,,,International
AA 6959,,,International
AA 6959,,,International
AA 6960,,,International
AA 6960,,,International
AA 6961,,,International
AA 6961,,,International
AA 6962,,,International
AA 6962,,,International
AA 6964,,,International
AA 6964,,,International
AA 6965,,,International
AA 6966,,,International
AA 6966,,,International
AA 6968,,,International
AA 6968,,,International
AA 6970,,,International
AA 6970,,,International
AA 6973,,,International
AA 6974,,,International
AA 6974,,,International
AA 6975,,,International
AA 6975,,,International
AA 6976,,,International
AA 6976,,,International
AA 6977,,,International
AA 6977,,,International
AA 6978,,,International
AA 6978,,,International
AA 6980,,,International
AA 6980,,,International
AA 6981,,,International
AA 6981,,,International
AA 6982,,,International
AA 6982,,,International
AA 6983,,,International
AA 6983,,,International
AA 6984,,,International
AA 6984,,,International
AA 6985,,,International
AA 6985,,,International
AA 6986,,,International
AA 6986,,,International
AA 6987,,,International
AA 6987,,,International
AA 6988,,,International
AA 6988,,,International
AA 6989,,,International
AA 6989,,,International
AA 6990,,,International
AA 6990,,,International
AA 6991,,,International
AA 6991,,,International
AA 6992,,,International
AA 6992,,,International
AA 6994,,,International
AA 6995,,,International
AA 6995,,,International
AA 6996,,,International
AA 6996,,,International
AA 6997,,,International
AA 6997,,,International
AA 6998,,,International
AA 6998,,,International
AA 6999,,,International
AA 6999,,,International
AA 7000,,,International
AA 7000,,,International
AA 7001,,,International
AA 7001,,,International
AA 7002,,,International
AA 7002,,,International
AA 7004,,,International
AA 7004,,,International
AA 7005,,,International
AA 7005,,,International
AA 7006,,,International
AA 7006,,,International
AA 7007,,,International
AA 7007,,,International
AA 7009,,,International
AA 7009,,,International
AA 7010,,,International
AA 7010,,,International
AA 7013,,,International
AA 7013,,,International
AA 7016,,,International
AA 7016,,,International
AA 7017,,,International
AA 7017,,,International
AA 7019,,,International
AA 7019,,,International
AA 7032,,,International
AA 7032,,,International
AA 7033,,,International
AA 7033,,,International
AA 7034,,,International
AA 7034,,,International
AA 7037,,,International
AA 7037,,,International
AA 7038,,,International
AA 7038,,,International
AA 7039,,,International
AA 7039,,,International
AA 7040,,,International
AA 7040,,,International
AA 7041,,,International
AA 7041,,,International
AA 7042,,,International
AA 7042,,,International
AA 7045,,,International
AA 7045,,,International
AA 7046,,,International
AA 7046,,,International
AA 7047,,,International
AA 7048,,,International
AA 7048,,,International
AA 7050,,,International
AA 7050,,,International
AA 7052,,,International
AA 7052,,,International
AA 7053,,,International
AA 7053,,,International
AA 7054,,,International
AA 7054,,,International
AA 7055,,,International
AA 7056,,,International
AA 7056,,,International
AA 7057,,,International
AA 7057,,,International
AA 7058,,,International
AA 7058,,,International
AA 7060,,,International
AA 7060,,,International
AA 7061,,,International
AA 7061,,,International
AA 7065,,,International
AA 7065,,,International
AA 7067,,,International
AA 7067,,,International
AA 7068,,,International
AA 7071,,,International
AA 7071,,,International
AA 7076,,,International
AA 7076,,,International
AA 7079,,,International
AA 7079,,,International
AA 7080,,,International
AA 7080,,,International
AA 7081,,,International
AA 7082,,,International
AA 7082,,,International
AA 7090,,,International
AA 7090,,,International
AA 7095,,,International
AA 7095,,,International
AA 7098,,,International
AA 7098,,,International
AA 7101,,,International
AA 7101,,,International
AA 7102,,,International
AA 7102,,,International
AA 7104,,,International
AA 7105,,,International
AA 7106,,,International
AA 7106,,,International
AA 7108,,,International
AA 7108,,,International
AA 7110,,,International
AA 7110,,,International
AA 7112,,,International
AA 7112,,,International
AA 7115,,,International
AA 7115,,,International
AA 7118,,,International
AA 7118,,,International
AA 7122,,,International
AA 7123,,,International
AA 7123,,,International
AA 7126,,,International
AA 7126,,,International
AA 7128,,,International
AA 7128,,,International
AA 7129,,,International
AA 7129,,,International
AA 7133,,,International
AA 7135,,,International
AA 7135,,,International
AA 7136,,,International
AA 7140,,,International
AA 7140,,,International
AA 7142,,,International
AA 7142,,,International
AA 7149,,,International
AA 7149,,,International
AA 7151,,,International
AA 7151,,,International
AA 7156,,,International
AA 7156,,,International
AA 7162,,Larnarca Larnaca,International
AA 7162,,Larnarca Larnaca,International
AA 7165,,,International
AA 7165,,,International
AA 7166,,,International
AA 7166,,,International
AA 7167,,,International
AA 7167,,,International
AA 7168,,,International
AA 7169,,,International
AA 7169,,,International
AA 7171,,,International
AA 7171,,,International
AA 7172,,,International
AA 7172,,,International
AA 7175,,,International
AA 7175,,,International
AA 7177,,,International
AA 7177,,,International
AA 7182,,,International
AA 7182,,,International
AA 7184,,,International
AA 7184,,,International
AA 7186,,,International
AA 7186,,,International
AA 7187,Larnarca Larnaca,,International
AA 7187,Larnarca Larnaca,,International
AA 7188,,,International
AA 7188,,,International
AA 7189,,,International
AA 7189,,,International
AA 7190,,,International
AA 7190,,,International
AA 7191,,,International
AA 7191,,,International
AA 7197,,,International
AA 7197,,,International
AA 7200,,,International
AA 7200,,,International
AA 7201,,,International
AA 7209,,,International
AA 7209,,,International
AA 7211,,,International
AA 7211,,,International
AA 7212,,,International
AA 7212,,,International
AA 7213,,,International
AA 7213,,,International
AA 7217,,,International
AA 7217,,,International
AA 7218,,,International
AA 7218,,,International
AA 7221,,,International
AA 7221,,,International
AA 7222,,,International
AA 7228,,,International
AA 7230,,,International
AA 7230,,,International
AA 7236,,,International
AA 7236,,,International
AA 7237,,,International
AA 7237,,,International
AA 7239,,,International
AA 7249,,,International
AA 7249,,,International
AA 7251,,,International
AA 7254,,,International
AA 7254,,,International
AA 7258,,,International
AA 7258,,,International
AA 7259,,,International
AA 7259,,,International
AA 729,,,International
AA 729,,,International
AA 733,,,International
AA 733,,,International
AA 734,,,International
AA 734,,,International
AA 735,,,International
AA 735,,,International
AA 737,,,International
AA 737,,,International
AA 78,,,International
AA 78,,,International
AA 79,,,International
AA 79,,,International
AA 80,,,International
AA 80,,,International
AA 8023,,,International
AA 8023,,,International
AA 8036,,,International
AA 8036,,,International
AA 8039,,,International
AA 8039,,,International
AA 8040,,,International
AA 8040,,,International
AA 8041,,,International
AA 8041,,,International
AA 8044,,,International
AA 8044,,,International
AA 8047,,,International
AA 8047,,,International
AA 8048,,,International
AA 8048,,,International
AA 8061,,,International
AA 8061,,,International
AA 8069,,,International
AA 8069,,,International
AA 8070,,,International
AA 8070,,,International
AA 8071,,,International
AA 8071,,,International
AA 8076,,,International
AA 81,,,International
AA 81,,,International
AA 8106,,,International
AA 8147,,,International
AA 8147,,,International
AA 8183,,,International
AA 8183,,,International
AA 8235,,,International
AA 8235,,,International
AA 8603,,,International
AA 8603,,,International
AA 8652,,,International
AA 8652,,,International
AA 8653,,,International
AA 8653,,,International
AA 8655,,,International
AA 8755,,,International
AA 8755,,,International
AA 9000,,,International
AA 9000,,,International
AA 9003,,,International
AA 9003,,,International
AA 9004,,,International
AA 9004,,,International
AA 91,,,International
AA 91,,,International
AA 9225,,,International
AA 9225,,,International
AA 9229,,,International
AA 9229,,,International
AA 98,,,International
AA 98,,,International
AC 2080,,,International
AC 2081,,,International
AC 2667,,,International
AC 2667,,,International
AC 2668,,,International
AC 2668,,,International
AC 2708,,,International
AC 2708,,,International
AC 2709,,,International
AC 2709,,,International
AC 2715,,,International
AC 2715,,,International
AC 2848,,,International
AC 2848,,,International
AC 2849,,,International
AC 2849,,,International
AC 2850,,,International
AC 2850,,,International
AC 2857,,,International
AC 2857,,,International
AC 2978,,,International
AC 2978,,,International
AC 2979,,,International
AC 2979,,,International
AC 3030,,,International
AC 3520,,,International
AC 3520,,,International
AC 3710,,,International
AC 3710,,,International
AC 3714,,,International
AC 3714,,,International
AC 3716,,,International
AC 3716,,,International
AC 3718,,,International
AC 3761,,,International
AC 3761,,,International
AC 3769,,,International
AC 3769,,,International
AC 3859,,,International
AC 3859,,,International
AC 3905,,,International
AC 3905,,,International
AC 3907,,,International
AC 3907,,,International
AC 3913,,,International
AC 3913,,,International
AC 4051,,,International
AC 4051,,,International
AC 5082,,,International
AC 5082,,,International
AC 5157,,,International
AC 5157,,,International
AC 5216,,,International
AC 5216,,,International
AC 5254,,,International
AC 5345,,,International
AC 5345,,,International
AC 5350,,,International
AC 5351,,,International
AC 5351,,,International
AC 5355,,,International
AC 5355,,,International
AC 5357,,,International
AC 5357,,,International
AC 5364,,,International
AC 5365,,,International
AC 5365,,,International
AC 5368,,,International
AC 5368,,,International
AC 5375,,,International
AC 5376,,,International
AC 5376,,,International
AC 5733,,,International
AC 5733,,,International
AC 5734,,,International
AC 5734,,,International
AC 5746,,,International
AC 5746,,,International
AC 5748,,,International
AC 5748,,,International
AC 5750,,,International
AC 5750,,,International
AC 5875,,,International
AC 5875,,,International
AC 6020,,,International
AC 6020,,,International
AC 6184,,,International
AC 6184,,,International
AC 6187,,,International
AC 6187,,,International
AC 6191,,,International
AC 6191,,,International
AC 6200,,,International
AC 6200,,,International
AC 6201,,,International
AC 6201,,,International
AC 6315,,,International
AC 6315,,,International
AC 6337,,,International
AC 6389,,,International
AC 6389,,,International
AC 6420,,,International
AC 6420,,,International
AC 6425,,,International
AC 6450,,,International
AC 6450,,,International
AC 6451,,,International
AC 6451,,,International
AC 6452,,,International
AC 6454,,,International
AC 6454,,,International
AC 6526,,,International
AC 6526,,,International
AC 6527,,,International
AC 6527,,,International
AC 6528,,,International
AC 6673,,,International
AC 6673,,,International
AC 6674,,,International
AC 6674,,,International
AC 6675,,,International
AC 6675,,,International
AC 6676,,,International
AC 6676,,,International
AC 6677,,,International
AC 6677,,,International
AC 6678,,,International
AC 6678,,,International
AC 6745,,,International
AC 6745,,,International
AC 6746,,,International
AC 6746,,,International
AC 6753,,,International
AC 6753,,,International
AC 6777,,,International
AC 6777,,,International
AC 6828,,,International
AC 6828,,,International
AC 6830,,,International
AC 6830,,,International
AC 6837,,,International
AC 6837,,,International
AC 6838,,,International
AC 6838,,,International
AC 6839,,,International
AC 6839,,,International
AC 6887,,,International
AC 6887,,,International
AC 6888,,,International
AC 6888,,,International
AC 6891,,,International
AC 6891,,,International
AC 6892,,,International
AC 6894,,,International
AC 6894,,,International
AC 6895,,,International
AC 6895,,,International
AC 6896,,,International
AC 6896,,,International
AC 6899,,,International
AC 6899,,,International
AC 6906,,,International
AC 6906,,,International
AC 6908,,,International
AC 6908,,,International
AC 6909,,,International
AC 6909,,,International
AC 6910,,,International
AC 6910,,,International
AC 6913,,,International
AC 6913,,,International
AC 6914,,,International
AC 6914,,,International
AC 6919,,,International
AC 6919,,,International
AC 6921,,,International
AC 6921,,,International
AC 6924,,,International
AC 6924,,,International
AC 6946,,,International
AC 6963,,,International
AC 6963,,,International
AC 6964,,,International
AC 6964,,,International
AC 6965,,,International
AC 6965,,,International
AC 6970,,,International
AC 6970,,,International
AC 6971,,,International
AC 6971,,,International
AC 7400,,,International
AC 7400,,,International
AC 7402,,,International
AC 7402,,,International
AC 7552,,,International
AC 7552,,,International
AC 850,,,International
AC 850,,,International
AC 853,,,International
AC 855,,,International
AC 855,,,International
AC 858,,,International
AC 858,,,International
AC 859,,,International
AC 859,,,International
AC 860,,,International
AC 860,,,International
AC 861,,,International
AC 861,,,International
AC 865,,,International
AC 865,,,International
AC 868,,,International
AC 869,,,International
AC 889,,,International
AC 889,,,International
AD 7173,,,International
AD 7173,,,International
AD 7174,,,International
AD 7174,,,International
AD 7175,,,International
AD 7175,,,International
AD 7298,,,International
AD 7298,,,International
AD 7304,,,International
AD 7304,,,International
AD 7314,,,International
AD 7314,,,International
AD 7327,,,International
AD 7327,,,International
AD 7335,,,International
AD 7335,,,International
AD 7460,,,International
AD 7460,,,International
AF 1180,,,International
AF 1180,,,International
AF 1181,,,International
AF 1181,,,International
AF 1280,,,International
AF 1280,,,International
AF 1281,,,International
AF 1281,,,International
AF 1380,,,International
AF 1380,,,International
AF 1581,,,International
AF 1581,,,International
AF 1780,,,International
AF 1780,,,International
AF 1781,,,International
AF 1781,,,International
AF 3553,,,International
AF 3553,,,International
AF 3554,,,International
AF 3554,,,International
AF 3583,,,International
AF 3583,,,International
AF 3586,,,International
AF 3586,,,International
AF 3600,,,International
AF 3600,,,International
AF 3603,,,International
AF 3603,,,International
AF 3624,,,International
AF 3624,,,International
AF 3666,,,International
AF 3666,,,International
AF 3677,,,International
AF 3678,,,International
AF 3678,,,International
AF 4832,,,International
AF 4837,,,International
AF 6754,,,International
AF 6754,,,International
AF 6756,,,International
AF 6758,,,International
AF 6758,,,International
AF 9092,,,International
AF 9092,,,International
AF 9094,,,International
AF 9094,,,International
AF 9301,,,International
AF 9301,,,International
AF 9645,,,International
AF 9645,,,International
AF 9649,,,International
AF 9649,,,International
AF 9650,,,International
AF 9650,,,International
AF 9651,,,International
AF 9651,,,International
AF 9652,,,International
AF 9652,,,International
AF 9653,,,International
AF 9653,,,International
AF 9654,,,International
AF 9654,,,International
AF 9655,,,International
AF 9655,,,International
AF 9656,,,International
AF 9656,,,International
AF 9658,,,International
AF 9658,,,International
AF 9659,,,International
AF 9660,,,International
AF 9663,,,International
AF 9888,,,International
AF 9888,,,International
AF 9890,,,International
AF 9890,,,International
AF 9891,,,International
AF 9891,,,International
AF 9892,,,International
AF 9892,,,International
AF 9894,,,International
AF 9894,,,International
AF 9895,,,International
AF 9895,,,International
AF 9902,,,International
AF 9902,,,International
AF 9904,,,International
AF 9904,,,International
AF 9905,,,International
AF 9905,,,International
AF 9908,,,International
AF 9908,,,International
AF 9909,,,International
AF 9916,,,International
AF 9916,,,International
AF 9917,,,International
AF 9917,,,International
AF 9923,,,International
AF 9923,,,International
AF 9925,,,International
AF 9925,,,International
AF 9926,,,International
AF 9926,,,International
AH 2054,,,International
AH 2054,,,International
AH 2055,,,International
AH 2055,,,International
AH 4480,,,International
AH 470,,,International
AH 470,,,International
AH 471,,,International
AI 111,,,International
AI 111,,,International
AI 112,,,International
AI 112,,,International
AI 128,,,International
AI 128,,,International
AI 129,,,International
AI 130,,,International
AI 130,,,International
AI 131,,,International
AI 131,,,International
AI 132,,,International
AI 132,,,International
AI 133,,,International
AI 133,,,International
AI 162,,,International
AI 2015,,,International
AI 2015,,,International
AI 2016,,,International
AI 2016,,,International
AI 2017,,,International
AI 2017,,,International
AI 2018,,,International
AI 2018,,,International
AI 2245,,,International
AI 2245,,,International
AI 2246,,,International
AI 2246,,,International
AI 2251,,,International
AI 2251,,,International
AI 2252,,,International
AI 2252,,,International
AI 2255,,,International
AI 2255,,,International
AI 2256,,,International
AI 2256,,,International
AI 6301,,,International
AI 6301,,,International
AI 6302,,,International
AI 6302,,,International
AI 6304,,,International
AI 6304,,,International
AI 6408,,,International
AI 6411,,,International
AI 6413,,,International
AI 6414,,,International
AI 6417,,,International
AI 6417,,,International
AI 6418,,,International
AI 6418,,,International
AI 6419,,,International
AI 6422,,,International
AI 6422,,,International
AI 6424,,,International
AI 6430,,,International
AI 6430,,,International
AI 6451,,,International
AI 6451,,,International
AI 6452,,,International
AI 6452,,,International
AI 6453,,,International
AI 6453,,,International
AI 6454,,,International
AI 6455,,,International
AI 7091,,,International
AI 7091,,,International
AI 7092,,,International
AI 7092,,,International
AI 7093,,,International
AI 7093,,,International
AI 7094,,,International
AI 7094,,,International
AI 7520,,,International
AI 7520,,,International
AI 7521,,,International
AI 7521,,,International
AI 7759,,,International
AI 7759,,,International
AI 7760,,,International
AI 7760,,,International
AI 7762,,,International
AI 7762,,,International
AI 7767,,,International
AI 7767,,,International
AI 7781,,,International
AI 7781,,,International
AI 7782,,,International
AI 7782,,,International
AI 7909,,,International
AI 7909,,,International
AI 7910,,,International
AI 7910,,,International
AI 7911,,,International
AI 7911,,,International
AI 7914,,,International
AI 7914,,,International
AM 324,,,International
AM 5816,,,International
AM 5816,,,International
AM 6020,,,International
AM 6020,,,International
AM 6023,,,International
AM 6023,,,International
AM 6041,,,International
AM 6041,,,International
AM 6043,,,International
AM 6043,,,International
AM 6044,,,International
AM 6044,,,International
AM 6045,,,International
AM 6045,,,International
AM 6046,,,International
AM 6046,,,International
AM 6823,,,International
AM 6836,,,International
AM 7,,,International
AM 7,,,International
AM 7804,,,International
AM 7804,,,International
AM 7812,,,International
AM 7812,,,International
AM 7813,,,International
AM 7813,,,International
AM 7831,,,International
AM 7831,,,International
AM 7839,,,International
AM 7839,,,International
AM 7849,,,International
AM 7849,,,International
AM 8,,,International
AM 8,,,International
AR 7231,,,International
AR 7231,,,International
AR 7310,,,International
AR 7310,,,International
AR 7311,,,International
AR 7311,,,International
AS 100,,,International
AS 100,,,International
AS 101,,,International
AS 101,,,International
AS 1533,,,International
AS 1533,,,International
AS 1554,,,International
AS 1554,,,International
AS 208,,,International
AS 208,,,International
AS 209,,,International
AS 209,,,International
AS 2602,,,International
AS 446,,,International
AS 446,,,International
AS 456,,,International
AS 456,,,International
AS 5251,,,International
AS 5251,,,International
AS 5252,,,International
AS 5253,,,International
AS 5253,,,International
AS 5257,,,International
AS 5257,,,International
AS 5259,,,International
AS 5262,,,International
AS 5262,,,International
AS 5263,,,International
AS 5263,,,International
AS 5264,,,International
AS 5265,,,International
AS 5265,,,International
AS 5267,,,International
AS 5267,,,International
AS 5269,,,International
AS 5270,,,International
AS 5270,,,International
AS 5271,,,International
AS 5271,,,International
AS 5273,,,International
AS 5273,,,International
AS 5274,,,International
AS 5274,,,International
AS 5275,,,International
AS 5275,,,International
AS 5276,,,International
AS 5276,,,International
AS 5277,,,International
AS 5277,,,International
AS 5278,,,International
AS 5278,,,International
AS 5279,,,International
AS 5279,,,International
AS 5280,,,International
AS 5280,,,International
AS 5281,,,International
AS 5281,,,International
AS 5283,,,International
AS 5283,,,International
AS 5284,,,International
AS 5284,,,International
AS 5285,,,International
AS 5285,,,International
AS 5287,,,International
AS 5287,,,International
AS 5288,,,International
AS 5288,,,International
AS 5289,,,International
AS 5289,,,International
AS 5291,,,International
AS 5291,,,International
AS 5292,,,International
AS 5292,,,International
AS 5293,,,International
AS 5293,,,International
AS 5295,,,International
AS 5296,,,International
AS 5296,,,International
AS 5300,,,International
AS 5300,,,International
AS 5305,,,International
AS 5305,,,International
AS 5306,,,International
AS 5306,,,International
AS 5307,,,International
AS 5307,,,International
AS 5309,,,International
AS 5309,,,International
AS 5312,,,International
AS 5312,,,International
AS 5315,,,International
AS 5315,,,International
AS 5317,,,International
AS 5317,,,International
AS 5321,,,International
AS 5321,,,International
AS 5327,,,International
AS 5327,,,International
AS 5332,,,International
AS 5332,,,International
AS 5335,,,International
AS 5335,,,International
AS 5337,,,International
AS 5337,,,International
AS 5338,,,International
AS 5338,,,International
AS 5344,,,International
AS 5344,,,International
AS 5345,,,International
AS 5345,,,International
AS 5349,,,International
AS 5349,,,International
AS 5352,,,International
AS 5352,,,International
AS 5355,,,International
AS 5355,,,International
AS 5854,,,International
AS 5854,,,International
AS 5856,,,International
AS 5856,,,International
AS 5857,,,International
AS 5857,,,International
AS 5862,,,International
AS 5862,,,International
AS 60,,,International
AS 60,,,International
AS 61,,,International
AS 61,,,International
AS 61,,,International
AS 61,,,International
AS 62,,,International
AS 62,,,International
AS 62,,,International
AS 62,,,International
AS 64,,,International
AS 64,,,International
AS 64,,,International
AS 64,,,International
AS 65,,,International
AS 65,,,International
AS 65,,,International
AS 65,,,International
AS 6901,,,International
AS 6905,,,International
AS 6905,,,International
AS 6915,,,International
AS 6915,,,International
AS 6920,,,International
AS 6920,,,International
AS 6934,,,International
AS 6934,,,International
AS 6936,,,International
AS 6937,,,International
AS 6937,,,International
AS 6987,,,International
AS 6987,,,International
AS 6990,,,International
AS 6991,,,International
AS 6991,,,International
AS 6998,,,International
AS 6998,,,International
AS 73,,,International
AS 73,,,International
AS 73,,,International
AS 73,,,International
AT 248,,,International
AT 248,,,International
AT 249,,,International
AT 249,,,International
AT 5200,,,International
AT 5200,,,International
AT 5203,,,International
AT 5203,,,International
AT 5208,,,International
AT 5208,,,International
AT 5209,,,International
AT 5209,,,International
AT 5210,,,International
AT 5210,,,International
AT 5212,,,International
AT 5212,,,International
AT 5216,,,International
AT 5216,,,International
AT 5220,,,International
AT 5220,,,International
AT 5222,,,International
AT 5222,,,International
AT 5223,,,International
AT 5223,,,International
AT 5225,,,International
AT 5227,,,International
AT 5227,,,International
AT 5230,,,International
AT 5230,,,International
AT 5237,,,International
AT 5237,,,International
AT 5239,,,International
AT 5239,,,International
AT 5603,,,International
AT 5603,,,International
AT 5605,,,International
AT 5605,,,International
AT 800,,,International
AT 800,,,International
AT 801,,,International
AT 801,,,International
AT 806,,,International
AT 806,,,International
AT 807,,,International
AT 807,,,International
AV 120,,,International
AV 120,,,International
AV 121,,,International
AV 121,,,International
AV 2410,,,International
AV 2410,,,International
AV 2411,,,International
AV 2411,,,International
AV 2413,,,International
AV 2413,,,International
AV 2417,,,International
AV 2417,,,International
AV 2419,,,International
AV 2419,,,International
AV 2481,,,International
AV 2481,,,International
AV 2484,,,International
AV 2484,,,International
AV 2493,,,International
AV 2493,,,International
AV 2500,,,International
AV 2500,,,International
AV 6250,,,International
AV 6251,,,International
AV 6251,,,International
AV 6515,,,International
AV 6515,,,International
AV 6519,,,International
AV 6519,,,International
AV 6520,,,International
AV 6520,,,International
AV 6524,,,International
AV 6524,,,International
AV 6550,,,International
AV 6550,,,International
AV 6551,,,International
AV 6551,,,International
AV 6552,,,International
AV 6552,,,International
AV 6553,,,International
AV 6553,,,International
AV 6616,,,International
AV 6616,,,International
AV 6618,,,International
AV 6618,,,International
AV 6619,,,International
AV 6619,,,International
AV 6621,,,International
AV 6621,,,International
AY 1332,,,International
AY 1332,,,International
AY 1335,,,International
AY 1335,,,International
AY 1336,,,International
AY 1336,,,International
AY 1337,,,International
AY 1337,,,International
AY 1338,,,International
AY 1338,,,International
AY 3741,,,International
AY 3745,,,International
AY 3745,,,International
AY 3760,,,International
AY 3760,,,International
AY 3761,,,International
AY 3761,,,International
AY 3762,,,International
AY 3762,,,International
AY 3763,,,International
AY 3763,,,International
AY 3773,,,International
AY 3775,,,International
AY 3775,,,International
AY 3782,,,International
AY 3782,,,International
AY 3784,,,International
AY 3785,,,International
AY 3785,,,International
AY 3786,,,International
AY 3786,,,International
AY 3787,,,International
AY 3787,,,International
AY 3788,,,International
AY 3788,,,International
AY 3805,,,International
AY 3805,,,International
AY 3809,,,International
AY 3809,,,International
AY 3810,,,International
AY 3810,,,International
AY 3811,,,International
AY 3811,,,International
AY 3844,,,International
AY 3844,,,International
AY 3845,,,International
AY 3845,,,International
AY 3867,,,International
AY 3867,,,International
AY 3885,,,International
AY 3885,,,International
AY 3887,,,International
AY 3888,,,International
AY 3888,,,International
AY 3890,,,International
AY 3890,,,International
AY 4415,,,International
AY 4415,,,International
AY 4426,,,International
AY 4426,,,International
AY 5401,,,International
AY 5401,,,International
AY 5403,,,International
AY 5403,,,International
AY 5404,,,International
AY 5409,,,International
AY 5409,,,International
AY 5413,,,International
AY 5413,,,International
AY 5417,,,International
AY 5417,,,International
AY 5419,,,International
AY 5419,,,International
AY 5421,,,International
AY 5421,,,International
AY 5426,,,International
AY 5426,,,International
AY 5427,,,International
AY 5427,,,International
AY 5429,,,International
AY 5429,,,International
AY 5434,,,International
AY 5434,,,International
AY 5435,,,International
AY 5435,,,International
AY 5436,,,International
AY 5436,,,International
AY 5437,,,International
AY 5437,,,International
AY 5438,,,International
AY 5438,,,International
AY 5439,,,International
AY 5439,,,International
AY 5441,,,International
AY 5441,,,International
AY 5442,,,International
AY 5442,,,International
AY 5448,,,International
AY 5448,,,International
AY 5449,,,International
AY 5449,,,International
AY 5451,,,International
AY 5452,,,International
AY 5452,,,International
AY 5453,,,International
AY 5453,,,International
AY 5458,,,International
AY 5458,,,International
AY 5459,,,International
AY 5459,,,International
AY 5462,,,International
AY 5462,,,International
AY 5467,,,International
AY 5467,,,International
AY 5469,,,International
AY 5469,,,International
AY 5470,,,International
AY 5470,,,International
AY 5473,,,International
AY 5473,,,International
AY 5475,,,International
AY 5477,,,International
AY 5478,,,International
AY 5478,,,International
AY 5479,,,International
AY 5479,,,International
AY 5482,,,International
AY 5483,,,International
AY 5483,,,International
AY 5485,,,International
AY 5485,,,International
AY 5489,,,International
AY 5489,,,International
AY 5492,,,International
AY 5493,,,International
AY 5493,,,International
AY 5496,,,International
AY 5496,,,International
AY 5497,,,International
AY 5497,,,International
AY 5503,,,International
AY 5503,,,International
AY 5507,,,International
AY 5508,,,International
AY 5508,,,International
AY 5509,,,International
AY 5509,,,International
AY 5513,,,International
AY 5513,,,International
AY 5514,,,International
AY 5515,,,International
AY 5515,,,International
AY 5523,,,International
AY 5523,,,International
AY 5524,,,International
AY 5524,,,International
AY 5525,,,International
AY 5525,,,International
AY 5526,,,International
AY 5526,,,International
AY 5527,,,International
AY 5527,,,International
AY 5528,,,International
AY 5528,,,International
AY 5529,,,International
AY 5529,,,International
AY 5532,,,International
AY 5532,,,International
AY 5533,,,International
AY 5533,,,International
AY 5535,,,International
AY 5535,,,International
AY 5536,,,International
AY 5536,,,International
AY 5537,,,International
AY 5537,,,International
AY 5541,,,International
AY 5541,,,International
AY 5543,,,International
AY 5543,,,International
AY 5879,,,International
AY 5879,,,International
AY 5881,,,International
AY 5881,,,International
AY 5884,,,International
AY 5884,,,International
AY 5886,,,International
AY 5886,,,International
AY 5888,,,International
AY 5888,,,International
AY 5889,,,International
AY 5889,,,International
AY 5891,,,International
AY 5891,,,International
AY 5897,,,International
AY 5897,,,International
AY 5905,,,International
AY 5905,,,International
AY 5906,,,International
AY 5906,,,International
AY 5908,,,International
AY 5909,,,International
AY 5909,,,International
AY 5918,,,International
AY 5918,,,International
AY 5919,,,International
AY 5919,,,International
AY 5923,,,International
AY 5923,,,International
AY 5924,,,International
AY 5924,,,International
AY 5925,,,International
AY 5925,,,International
AY 5926,,,International
AY 5926,,,International
AY 5927,,,International
AY 5927,,,International
AY 5928,,,International
AY 5928,,,International
AY 5935,,,International
AY 5935,,,International
AY 5941,,,International
AY 5943,,,International
AY 5943,,,International
AY 5944,,,International
AY 5945,,,International
AY 5945,,,International
AY 5946,,,International
AY 5946,,,International
AY 5947,,,International
AY 5947,,,International
AY 5949,Cape Town,,International
AY 5949,Cape Town,,International
AY 5953,,,International
AY 5953,,,International
AY 5954,,,International
AY 5954,,,International
AY 5960,,,International
AY 5968,,,International
AY 5968,,,International
AY 5969,,,International
AY 5969,,,International
AY 5972,,,International
AY 5972,,,International
AY 5976,,,International
AY 5976,,,International
AY 5979,,,International
AY 5979,,,International
AY 5981,,,International
AY 5981,,,International
AY 5984,,,International
AY 5984,,,International
AY 5988,,,International
AY 5988,,,International
AY 5993,,,International
AY 5993,,,International
AY 5995,,,International
AY 5995,,,International
AY 5996,,,International
AY 5996,,,International
AY 5997,,,International
AY 5997,,,International
AY 5998,,,International
AY 5999,,,International
AY 5999,,,International
AY 6590,,,International
AY 6591,,,International
AY 6594,,,International
AY 6595,,,International
AZ 203,,,International
AZ 203,,,International
AZ 204,,,International
AZ 204,,,International
AZ 207,,,International
AZ 207,,,International
AZ 226,,,International
AZ 227,,,International
B6 1107,,,International
B6 1107,,,International
B6 20,,,International
B6 20,,,International
B6 6250,,,International
B6 6250,,,International
B6 6251,,,International
B6 6253,,,International
B6 6254,,,International
B6 6254,,,International
B6 6256,,,International
B6 6256,,,International
B6 6259,,,International
B6 6259,,,International
B6 6262,,,International
B6 6262,,,International
B6 6266,,,International
B6 6268,,,International
B6 6268,,,International
B6 6269,,,International
B6 6269,,,International
B6 6271,,,International
B6 6276,,,International
B6 6276,,,International
B6 6282,,,International
B6 6290,,,International
B6 6290,,,International
B6 6292,,,International
B6 6296,,,International
B6 6296,,,International
B6 6298,,,International
B6 6298,,,International
B6 6302,,,International
B6 6304,,,International
B6 6304,,,International
B6 6306,,,International
B6 6306,,,International
B6 6418,,,International
B6 6418,,,International
B6 6705,,,International
B6 6705,,,International
B6 6724,,,International
B6 6724,,,International
BA 11,,,International
BA 11,,,International
BA 113,,,International
BA 113,,,International
BA 114,,,International
BA 115,,,International
BA 115,,,International
BA 118,,,International
BA 118,,,International
BA 119,,,International
BA 119,,,International
BA 121,,,International
BA 121,,,International
BA 1303,,,International
BA 1303,,,International
BA 131,,,International
BA 131,,,International
BA 1310,,,International
BA 1310,,,International
BA 1311,,,International
BA 1311,,,International
BA 1314,,,International
BA 1314,,,International
BA 1315,,,International
BA 1315,,,International
BA 1320,,,International
BA 1320,,,International
BA 1321,,,International
BA 1327,,,International
BA 1327,,,International
BA 1338,,,International
BA 1338,,,International
BA 1339,,,International
BA 1339,,,International
BA 134,,,International
BA 134,,,International
BA 1340,,,International
BA 1340,,,International
BA 1344,,,International
BA 1344,,,International
BA 1345,,,International
BA 1345,,,International
BA 1347,,,International
BA 1347,,,International
BA 135,,,International
BA 135,,,International
BA 1352,,,International
BA 1352,,,International
BA 1353,,,International
BA 1353,,,International
BA 1356,,,International
BA 1356,,,International
BA 1361,,,International
BA 1361,,,International
BA 1368,,,International
BA 1369,,,International
BA 1370,,,International
BA 1370,,,International
BA 1371,,,International
BA 1371,,,International
BA 1378,,,International
BA 1378,,,International
BA 1380,,,International
BA 1380,,,International
BA 1391,,,International
BA 1391,,,International
BA 1400,,,International
BA 1400,,,International
BA 1401,,,International
BA 1401,,,International
BA 1402,,,International
BA 1402,,,International
BA 1403,,,International
BA 1403,,,International
BA 1410,,,International
BA 1410,,,International
BA 1421,,,International
BA 1421,,,International
BA 1426,,,International
BA 1426,,,International
BA 1427,,,International
BA 143,,,International
BA 143,,,International
BA 1436,,,International
BA 1436,,,International
BA 1437,,,International
BA 1437,,,International
BA 1443,,,International
BA 1443,,,International
BA 1446,,,International
BA 1447,,,International
BA 1452,,,International
BA 1452,,,International
BA 1453,,,International
BA 1453,,,International
BA 1460,,,International
BA 1460,,,International
BA 1461,,,International
BA 1461,,,International
BA 1464,,,International
BA 1464,,,International
BA 1466,,,International
BA 1477,,,International
BA 1477,,,International
BA 1478,,,International
BA 1478,,,International
BA 1479,,,International
BA 1479,,,International
BA 1483,,,International
BA 1483,,,International
BA 1486,,,International
BA 1486,,,International
BA 1487,,,International
BA 1487,,,International
BA 1490,,,International
BA 1490,,,International
BA 1491,,,International
BA 1491,,,International
BA 1492,,,International
BA 1492,,,International
BA 1496,,,International
BA 1496,,,International
BA 1498,,,International
BA 1498,,,International
BA 15,,,International
BA 15,,,International
BA 1506,,,International
BA 1506,,,International
BA 1509,,,International
BA 1516,,,International
BA 1518,,,International
BA 1520,,,International
BA 1520,,,International
BA 1521,,,International
BA 1521,,,International
BA 1526,,,International
BA 1526,,,International
BA 1527,,,International
BA 1527,,,International
BA 1528,,,International
BA 1528,,,International
BA 1530,,,International
BA 1530,,,International
BA 1531,,,International
BA 1531,,,International
BA 1538,,,International
BA 1538,,,International
BA 1544,,,International
BA 1544,,,International
BA 1546,,,International
BA 1546,,,International
BA 1550,,,International
BA 1550,,,International
BA 1588,,,International
BA 1588,,,International
BA 159,,,International
BA 159,,,International
BA 1590,,,International
BA 1593,,,International
BA 1593,,,International
BA 1594,,,International
BA 1594,,,International
BA 1598,,,International
BA 1598,,,International
BA 1599,,,International
BA 1599,,,International
BA 1601,,,International
BA 1601,,,International
BA 1604,,,International
BA 1604,,,International
BA 1609,,,International
BA 1609,,,International
BA 1610,,,International
BA 1610,,,International
BA 168,,,International
BA 168,,,International
BA 169,,,International
BA 169,,,International
BA 171,,,International
BA 171,,,International
BA 173,,,International
BA 173,,,International
BA 175,,,International
BA 177,,,International
BA 178,,,International
BA 178,,,International
BA 179,,,International
BA 179,,,International
BA 181,,,International
BA 181,,,International
BA 182,,,International
BA 183,,,International
BA 183,,,International
BA 185,,,International
BA 185,,,International
BA 186,,,International
BA 186,,,International
BA 187,,,International
BA 187,,,International
BA 189,,,International
BA 189,,,International
BA 191,,,International
BA 191,,,International
BA 192,,,International
BA 193,,,International
BA 193,,,International
BA 196,,,International
BA 196,,,International
BA 197,,,International
BA 197,,,International
BA 198,,,International
BA 198,,,International
BA 199,,,International
BA 199,,,International
BA 203,,,International
BA 203,,,International
BA 207,,,International
BA 208,,,International
BA 208,,,International
BA 209,,,International
BA 209,,,International
BA 213,,,International
BA 213,,,International
BA 217,,,International
BA 217,,,International
BA 219,,,International
BA 219,,,International
BA 220,,,International
BA 220,,,International
BA 222,,,International
BA 2229,,,International
BA 223,,,International
BA 223,,,International
BA 224,,,International
BA 224,,,International
BA 225,,,International
BA 225,,,International
BA 226,,,International
BA 226,,,International
BA 227,,,International
BA 227,,,International
BA 229,,,International
BA 229,,,International
BA 2303,,,International
BA 2303,,,International
BA 2365,,,International
BA 2365,,,International
BA 238,,,International
BA 238,,,International
BA 239,,,International
BA 239,,,International
BA 242,,,International
BA 242,,,International
BA 243,,,International
BA 243,,,International
BA 247,,,International
BA 247,,,International
BA 249,,,International
BA 249,,,International
BA 250,,,International
BA 251,,,International
BA 251,,,International
BA 252,,,International
BA 252,,,International
BA 253,,,International
BA 255,,,International
BA 255,,,International
BA 256,,,International
BA 256,,,International
BA 257,,,International
BA 257,,,International
BA 264,,,International
BA 264,,,International
BA 265,,,International
BA 265,,,International
BA 266,,,International
BA 266,,,International
BA 267,,,International
BA 267,,,International
BA 268,,,International
BA 268,,,International
BA 269,,,International
BA 269,,,International
BA 270,,,International
BA 2706,,,International
BA 2707,,,International
BA 271,,,International
BA 271,,,International
BA 272,,,International
BA 272,,,International
BA 273,,,International
BA 273,,,International
BA 274,,,International
BA 274,,,International
BA 275,,,International
BA 275,,,International
BA 276,,,International
BA 276,,,International
BA 277,,,International
BA 277,,,International
BA 2784,,,International
BA 2784,,,International
BA 2785,,,International
BA 2785,,,International
BA 280,,,International
BA 280,,,International
BA 281,,,International
BA 281,,,International
BA 283,,,International
BA 283,,,International
BA 284,,,International
BA 284,,,International
BA 285,,,International
BA 285,,,International
BA 286,,,International
BA 286,,,International
BA 287,,,International
BA 287,,,International
BA 288,,,International
BA 288,,,International
BA 289,,,International
BA 289,,,International
BA 291,,,International
BA 291,,,International
BA 292,,,International
BA 292,,,International
BA 293,,,International
BA 293,,,International
BA 295,,,International
BA 295,,,International
BA 296,,,International
BA 296,,,International
BA 297,,,International
BA 297,,,International
BA 299,,,International
BA 299,,,International
BA 301,,,International
BA 301,,,International
BA 304,,,International
BA 304,,,International
BA 305,,,International
BA 305,,,International
BA 308,,,International
BA 308,,,International
BA 309,,,International
BA 309,,,International
BA 31,,,International
BA 31,,,International
BA 314,,,International
BA 314,,,International
BA 327,,,International
BA 327,,,International
BA 328,,,International
BA 329,,,International
BA 329,,,International
BA 33,,,International
BA 33,,,International
BA 330,,,International
BA 330,,,International
BA 331,,,International
BA 331,,,International
BA 332,,,International
BA 332,,,International
BA 333,,,International
BA 333,,,International
BA 336,,,International
BA 336,,,International
BA 337,,,International
BA 337,,,International
BA 338,,,International
BA 338,,,International
BA 343,,,International
BA 343,,,International
BA 346,,,International
BA 347,,,International
BA 347,,,International
BA 348,,,International
BA 349,,,International
BA 349,,,International
BA 35,,,International
BA 35,,,International
BA 350,,,International
BA 350,,,International
BA 351,,,International
BA 351,,,International
BA 352,,,International
BA 352,,,International
BA 354,,,International
BA 354,,,International
BA 355,,,International
BA 355,,,International
BA 357,,,International
BA 357,,,International
BA 358,,,International
BA 358,,,International
BA 359,,,International
BA 359,,,International
BA 36,,,International
BA 36,,,International
BA 362,,,International
BA 362,,,International
BA 363,,,International
BA 363,,,International
BA 367,,,International
BA 367,,,International
BA 370,,,International
BA 370,,,International
BA 371,,,International
BA 371,,,International
BA 378,,,International
BA 378,,,International
BA 382,,,International
BA 382,,,International
BA 383,,,International
BA 383,,,International
BA 385,,,International
BA 385,,,International
BA 388,,,International
BA 388,,,International
BA 389,,,International
BA 389,,,International
BA 396,,,International
BA 397,,,International
BA 397,,,International
BA 398,,,International
BA 398,,,International
BA 4005,,,International
BA 4005,,,International
BA 4006,,,International
BA 4006,,,International
BA 407,,,International
BA 407,,,International
BA 408,,,International
BA 408,,,International
BA 409,,,International
BA 409,,,International
BA 411,,,International
BA 411,,,International
BA 412,,,International
BA 412,,,International
BA 413,,,International
BA 413,,,International
BA 417,,,International
BA 417,,,International
BA 4202,,,International
BA 421,,,International
BA 421,,,International
BA 423,,,International
BA 423,,,International
BA 425,,,International
BA 425,,,International
BA 4293,,,International
BA 431,,,International
BA 433,,,International
BA 434,,,International
BA 434,,,International
BA 435,,,International
BA 435,,,International
BA 436,,,International
BA 436,,,International
BA 437,,,International
BA 437,,,International
BA 438,,,International
BA 438,,,International
BA 439,,,International
BA 439,,,International
BA 444,,,International
BA 444,,,International
BA 445,,,International
BA 4489,,,International
BA 450,,,International
BA 450,,,International
BA 451,,,International
BA 451,,,International
BA 454,,,International
BA 454,,,International
BA 455,,,International
BA 455,,,International
BA 457,,,International
BA 457,,,International
BA 458,,,International
BA 459,,,International
BA 460,,,International
BA 4600,,,International
BA 4600,,,International
BA 4603,,,International
BA 4603,,,International
BA 461,,,International
BA 462,,,International
BA 462,,,International
BA 463,,,International
BA 463,,,International
BA 464,,,International
BA 464,,,International
BA 465,,,International
BA 465,,,International
BA 469,,,International
BA 469,,,International
BA 470,,,International
BA 470,,,International
BA 471,,,International
BA 471,,,International
BA 473,,,International
BA 473,,,International
BA 475,,,International
BA 475,,,International
BA 476,,,International
BA 476,,,International
BA 477,,,International
BA 477,,,International
BA 478,,,International
BA 479,,,International
BA 48,,,International
BA 48,,,International
BA 480,,,International
BA 481,,,International
BA 481,,,International
BA 483,,,International
BA 483,,,International
BA 484,,,International
BA 484,,,International
BA 485,,,International
BA 485,,,International
BA 486,,,International
BA 486,,,International
BA 49,,,International
BA 49,,,International
BA 491,,,International
BA 491,,,International
BA 493,,,International
BA 493,,,International
BA 494,,,International
BA 494,,,International
BA 495,,,International
BA 495,,,International
BA 496,,,International
BA 496,,,International
BA 497,,,International
BA 497,,,International
BA 498,,,International
BA 498,,,International
BA 499,,,International
BA 499,,,International
BA 5,,,International
BA 5,,,International
BA 501,,,International
BA 501,,,International
BA 504,,,International
BA 504,,,International
BA 505,,,International
BA 505,,,International
BA 506,,,International
BA 506,,,International
BA 507,,,International
BA 507,,,International
BA 508,,,International
BA 508,,,International
BA 510,,,International
BA 511,,,International
BA 511,,,International
BA 512,,,International
BA 512,,,International
BA 513,,,International
BA 513,,,International
BA 514,,,International
BA 514,,,International
BA 515,,,International
BA 515,,,International
BA 516,,,International
BA 516,,,International
BA 517,,,International
BA 517,,,International
BA 521,,,International
BA 521,,,International
BA 522,,,International
BA 522,,,International
BA 525,,,International
BA 525,,,International
BA 528,,,International
BA 528,,,International
BA 529,,,International
BA 529,,,International
BA 53,,,International
BA 530,,,International
BA 530,,,International
BA 533,,,International
BA 533,,,International
BA 534,,,International
BA 534,,,International
BA 535,,,International
BA 535,,,International
BA 539,,,International
BA 539,,,International
BA 54,,,International
BA 542,,,International
BA 542,,,International
BA 543,,,International
BA 543,,,International
BA 544,,,International
BA 544,,,International
BA 547,,,International
BA 547,,,International
BA 549,,,International
BA 549,,,International
BA 55,,,International
BA 55,,,International
BA 550,,,International
BA 551,,,International
BA 551,,,International
BA 552,,,International
BA 553,,,International
BA 553,,,International
BA 554,,,International
BA 554,,,International
BA 555,,,International
BA 555,,,International
BA 556,,,International
BA 556,,,International
BA 557,,,International
BA 557,,,International
BA 560,,,International
BA 560,,,International
BA 561,,,International
BA 561,,,International
BA 562,,,International
BA 562,,,International
BA 564,,,International
BA 564,,,International
BA 569,,,International
BA 569,,,International
BA 57,,,International
BA 57,,,International
BA 572,,,International
BA 573,,,International
BA 573,,,International
BA 574,,,International
BA 574,,,International
BA 575,,,International
BA 575,,,International
BA 576,,,International
BA 576,,,International
BA 577,,,International
BA 577,,,International
BA 578,,,International
BA 578,,,International
BA 579,,,International
BA 579,,,International
BA 58,London Heathrow,,International
BA 580,,,International
BA 580,,,International
BA 5803,,,International
BA 583,,,International
BA 583,,,International
BA 585,,,International
BA 585,,,International
BA 586,,,International
BA 586,,,International
BA 587,,,International
BA 587,,,International
BA 59,Cape Town,,International
BA 59,Cape Town,,International
BA 590,,,International
BA 590,,,International
BA 5914,,,International
BA 5922,,,International
BA 5922,,,International
BA 5923,,,International
BA 5923,,,International
BA 5924,,,International
BA 5924,,,International
BA 5925,,,International
BA 5925,,,International
BA 5929,,,International
BA 5929,,,International
BA 593,,,International
BA 593,,,International
BA 5930,,,International
BA 5930,,,International
BA 5931,,,International
BA 5931,,,International
BA 5933,,,International
BA 5933,,,International
BA 594,,,International
BA 594,,,International
BA 5943,,,International
BA 5943,,,International
BA 5944,,,International
BA 5944,,,International
BA 595,,,International
BA 595,,,International
BA 5958,,,International
BA 5958,,,International
BA 5959,,,International
BA 5959,,,International
BA 5962,,,International
BA 5962,,,International
BA 5963,,,International
BA 5963,,,International
BA 5964,,,International
BA 5964,,,International
BA 5966,,,International
BA 5966,,,International
BA 5967,,,International
BA 5967,,,International
BA 5968,,,International
BA 5968,,,International
BA 5969,,,International
BA 5969,,,International
BA 5970,,,International
BA 5970,,,International
BA 5971,,,International
BA 5971,,,International
BA 5972,,,International
BA 5972,,,International
BA 5973,,,International
BA 5973,,,International
BA 5976,,,International
BA 5976,,,International
BA 5977,,,International
BA 5977,,,International
BA 5978,,,International
BA 5978,,,International
BA 5979,,,International
BA 5979,,,International
BA 5988,,,International
BA 5988,,,International
BA 5989,,,International
BA 5989,,,International
BA 6,,,International
BA 6,,,International
BA 60,,,International
BA 600,,,International
BA 601,,,International
BA 601,,,International
BA 602,,,International
BA 603,,,International
BA 603,,,International
BA 6032,,,International
BA 6032,,,International
BA 6033,,,International
BA 6033,,,International
BA 6034,,,International
BA 6034,,,International
BA 606,,,International
BA 606,,,International
BA 607,,,International
BA 607,,,International
BA 6079,,,International
BA 6079,,,International
BA 608,,,International
BA 608,,,International
BA 6080,,,International
BA 6080,,,International
BA 609,,,International
BA 609,,,International
BA 61,,,International
BA 61,,,International
BA 610,,,International
BA 610,,,International
BA 612,,,International
BA 612,,,International
BA 613,,,International
BA 613,,,International
BA 615,,,International
BA 615,,,International
BA 616,,,International
BA 616,,,International
BA 6169,,,International
BA 617,,,International
BA 617,,,International
BA 619,,,International
BA 619,,,International
BA 62,,,International
BA 62,,,International
BA 621,,,International
BA 621,,,International
BA 622,,,International
BA 622,,,International
BA 623,,,International
BA 623,,,International
BA 624,,,International
BA 624,,,International
BA 625,,,International
BA 625,,,International
BA 627,,,International
BA 627,,,International
BA 629,,,International
BA 629,,,International
BA 63,,,International
BA 63,,,International
BA 630,,,International
BA 631,,,International
BA 631,,,International
BA 632,,,International
BA 632,,,International
BA 633,,,International
BA 633,,,International
BA 633,,,International
BA 634,,,International
BA 634,,,International
BA 635,,,International
BA 635,,,International
BA 638,,,International
BA 638,,,International
BA 644,,,International
BA 644,,,International
BA 645,,,International
BA 645,,,International
BA 65,,,International
BA 653,,,International
BA 653,,,International
BA 655,,,International
BA 655,,,International
BA 656,,,International
BA 656,,,International
BA 657,,,International
BA 657,,,International
BA 658,,,International
BA 658,,,International
BA 659,,,International
BA 659,,,International
BA 660,,,International
BA 660,,,International
BA 661,,,International
BA 661,,,International
BA 662,,,International
BA 662,,,International
BA 663,,,International
BA 663,,,International
BA 665,,,International
BA 665,,,International
BA 667,,,International
BA 667,,,International
BA 668,,,International
BA 668,,,International
BA 669,,,International
BA 669,,,International
BA 67,,,International
BA 67,,,International
BA 671,,,International
BA 671,,,International
BA 672,,,International
BA 673,,,International
BA 673,,,International
BA 674,,,International
BA 674,,,International
BA 675,,,International
BA 675,,,International
BA 684,,London Heathrow,International
BA 685,London Heathrow,,International
BA 685,,Larnarca Larnaca,International
BA 688,,,International
BA 689,,,International
BA 689,,,International
BA 690,,,International
BA 691,,,International
BA 691,,,International
BA 692,,,International
BA 692,,,International
BA 693,,,International
BA 693,,,International
BA 696,,,International
BA 696,,,International
BA 697,,,International
BA 697,,,International
BA 698,,,International
BA 698,,,International
BA 699,,,International
BA 699,,,International
BA 7,,,International
BA 7001,,,International
BA 7001,,,International
BA 7003,,,International
BA 7003,,,International
BA 7004,,,International
BA 7004,,,International
BA 7007,,,International
BA 7007,,,International
BA 7008,,,International
BA 7008,,,International
BA 7014,,,International
BA 7014,,,International
BA 7015,,,International
BA 7015,,,International
BA 7019,,,International
BA 703,,,International
BA 703,,,International
BA 704,,London Heathrow,International
BA 704,,London Heathrow,International
BA 705,London Heathrow,,International
BA 705,,Larnarca Larnaca,International
BA 705,London Heathrow,,International
BA 705,,Larnarca Larnaca,International
BA 7050,,,International
BA 7050,,,International
BA 7054,,,International
BA 7054,,,International
BA 7055,,,International
BA 7055,,,International
BA 7056,,,International
BA 7056,,,International
BA 7057,,,International
BA 7057,,,International
BA 7058,,,International
BA 7058,,,International
BA 7059,,,International
BA 7059,,,International
BA 706,,London Heathrow,International
BA 706,Larnarca Larnaca,,International
BA 706,,London Heathrow,International
BA 7061,,,International
BA 7061,,,International
BA 7065,,,International
BA 7065,,,International
BA 7066,,,International
BA 7067,,,International
BA 7067,,,International
BA 7068,,,International
BA 7068,,,International
BA 7069,,,International
BA 7069,,,International
BA 707,London Heathrow,,International
BA 707,,Larnarca Larnaca,International
BA 707,London Heathrow,,International
BA 707,,Larnarca Larnaca,International
BA 708,Larnarca Larnaca,,International
BA 708,,London Heathrow,International
BA 709,London Heathrow,,International
BA 709,,Larnarca Larnaca,International
BA 710,Larnarca Larnaca,,International
BA 710,Larnarca Larnaca,,International
BA 717,,,International
BA 718,,,International
BA 719,,,International
BA 720,,,International
BA 720,,,International
BA 723,,,International
BA 723,,,International
BA 724,,,International
BA 724,,,International
BA 725,,,International
BA 725,,,International
BA 728,,,International
BA 728,,,International
BA 734,,,International
BA 734,,,International
BA 735,,,International
BA 735,,,International
BA 740,,,International
BA 740,,,International
BA 743,,,International
BA 744,,,International
BA 745,,,International
BA 745,,,International
BA 747,,,International
BA 747,,,International
BA 75,,,International
BA 75,,,International
BA 750,,,International
BA 750,,,International
BA 751,,,International
BA 751,,,International
BA 756,,,International
BA 756,,,International
BA 761,,,International
BA 761,,,International
BA 764,,,International
BA 764,,,International
BA 776,,,International
BA 776,,,International
BA 777,,,International
BA 777,,,International
BA 778,,,International
BA 778,,,International
BA 7810,,,International
BA 7810,,,International
BA 782,,,International
BA 782,,,International
BA 7829,,,International
BA 7829,,,International
BA 783,,,International
BA 783,,,International
BA 784,,,International
BA 784,,,International
BA 788,,,International
BA 788,,,International
BA 789,,,International
BA 789,,,International
BA 793,,,International
BA 793,,,International
BA 794,,,International
BA 794,,,International
BA 795,,,International
BA 795,,,International
BA 8,,,International
BA 8,,,International
BA 801,,,International
BA 801,,,International
BA 803,,,International
BA 803,,,International
BA 807,,,International
BA 807,,,International
BA 8096,,,International
BA 8096,,,International
BA 8097,,,International
BA 8097,,,International
BA 81,,,International
BA 81,,,International
BA 8114,,,International
BA 8114,,,International
BA 8115,,,International
BA 8115,,,International
BA 813,,,International
BA 813,,,International
BA 8136,,,International
BA 8136,,,International
BA 8137,,,International
BA 8137,,,International
BA 8138,,,International
BA 8138,,,International
BA 8139,,,International
BA 8139,,,International
BA 8140,,,International
BA 8140,,,International
BA 8141,,,International
BA 8141,,,International
BA 816,,,International
BA 816,,,International
BA 817,,,International
BA 817,,,International
BA 82,,,International
BA 82,,,International
BA 822,,,International
BA 822,,,International
BA 825,,,International
BA 827,,,International
BA 83,,,International
BA 83,,,International
BA 830,,,International
BA 830,,,International
BA 831,,,International
BA 831,,,International
BA 832,,,International
BA 832,,,International
BA 833,,,International
BA 833,,,International
BA 834,,,International
BA 835,,,International
BA 836,,,International
BA 837,,,International
BA 837,,,International
BA 838,,,International
BA 838,,,International
BA 839,,,International
BA 839,,,International
BA 84,,,International
BA 84,,,International
BA 840,,,International
BA 840,,,International
BA 841,,,International
BA 841,,,International
BA 8437,,,International
BA 8437,,,International
BA 844,,,International
BA 844,,,International
BA 8440,,,International
BA 8440,,,International
BA 8441,,,International
BA 8441,,,International
BA 8446,,,International
BA 8446,,,International
BA 845,,,International
BA 845,,,International
BA 846,,,International
BA 846,,,International
BA 8462,,,International
BA 8472,,,International
BA 8476,,,International
BA 848,,,International
BA 848,,,International
BA 849,,,International
BA 849,,,International
BA 85,,,International
BA 85,,,International
BA 851,,,International
BA 851,,,International
BA 852,,,International
BA 853,,,International
BA 853,,,International
BA 854,,,International
BA 854,,,International
BA 855,,,International
BA 855,,,International
BA 858,,,International
BA 858,,,International
BA 8580,London Heathrow,,International
BA 8580,,London Heathrow,International
BA 86,,,International
BA 865,,,International
BA 865,,,International
BA 866,,,International
BA 866,,,International
BA 867,,,International
BA 867,,,International
BA 87,,,International
BA 87,,,International
BA 870,,,International
BA 870,,,International
BA 8712,,,International
BA 872,,,International
BA 872,,,International
BA 873,,,International
BA 873,,,International
BA 874,,,International
BA 874,,,International
BA 8746,,,International
BA 8748,,,International
BA 875,,,International
BA 875,,,International
BA 878,,,International
BA 878,,,International
BA 888,,,International
BA 888,,,International
BA 889,,,International
BA 889,,,International
BA 890,,,International
BA 890,,,International
BA 894,,,International
BA 894,,,International
BA 895,,,International
BA 895,,,International
BA 897,,,International
BA 897,,,International
BA 899,,,International
BA 899,,,International
BA 906,,,International
BA 906,,,International
BA 907,,,International
BA 907,,,International
BA 910,,,International
BA 910,,,International
BA 924,,,International
BA 924,,,International
BA 927,,,International
BA 927,,,International
BA 93,,,International
BA 93,,,International
BA 934,,,International
BA 934,,,International
BA 935,,,International
BA 935,,,International
BA 940,,,International
BA 940,,,International
BA 946,,,International
BA 947,,,International
BA 947,,,International
BA 95,,,International
BA 95,,,International
BA 964,,,International
BA 964,,,International
BA 965,,,International
BA 965,,,International
BA 970,,,International
BA 970,,,International
BA 9760,,,International
BA 98,,,International
BA 99,,,International
BA 99,,,International
BA 991,,,International
BA 991,,,International
BA 993,,,International
BA 993,,,International
BA 994,,,International
BA 995,,,International
BA 998,,,International
BA 998,,,International
BG 201,,,International
BG 201,,,International
BG 202,,,International
BG 202,,,International
BG 331,,,International
BG 332,,,International
BG 335,,,International
BI 1,,,International
BI 1,,,International
BI 2,,,International
BI 2,,,International
BR 2227,,,International
BR 2227,,,International
BR 2228,,,International
BR 2228,,,International
BR 3548,,,International
BR 3548,,,International
BR 3549,,,International
BR 3549,,,International
BR 3552,,,International
BR 3552,,,International
BR 3553,,,International
BR 3553,,,International
BR 3555,,,International
BR 3555,,,International
BR 3556,,,International
BR 3556,,,International
BR 3557,,,International
BR 3557,,,International
BR 3558,,,International
BR 3558,,,International
BR 3559,,,International
BR 3559,,,International
BR 3560,,,International
BR 3560,,,International
BR 3561,,,International
BR 3562,,,International
BR 3562,,,International
BR 3563,,,International
BR 3563,,,International
BR 67,,,International
BR 67,,,International
BR 68,,,International
BR 68,,,International
BS 361,,,International
BS 362,,,International
BT 5629,,,International
BT 5630,,,International
BT 5630,,,International
BY 2670,,,International
BY 2670,,,International
BY 2671,,,International
BY 4654,,,International
BY 4654,,,International
BY 518,,,International
BY 519,,,International
BY 7648,,,International
BY 7649,,,International
BY 887,,,International
BY 887,,,International
C6 321,,,International
C6 321,,,International
C6 3322,,,International
CA 3301,,,International
CA 3301,,,International
CA 3302,,,International
CA 3302,,,International
CA 423,,,International
CA 423,,,International
CA 424,,,International
CA 424,,,International
CA 5303,,,International
CA 5303,,,International
CA 5304,,,International
CA 5304,,,International
CA 7046,,,International
CA 7046,,,International
CA 7057,,,International
CA 7057,,,International
CA 7058,,,International
CA 7058,,,International
CA 7060,,,International
CA 7060,,,International
CA 7067,,,International
CA 7067,,,International
CA 855,,,International
CA 855,,,International
CA 856,,,International
CA 856,,,International
CA 937,,,International
CA 937,,,International
CA 938,,,International
CA 938,,,International
CI 81,,,International
CI 81,,,International
CI 82,,,International
CI 82,,,International
CI 8594,,,International
CI 8594,,,International
CI 9359,,,International
CI 9359,,,International
CI 9360,,,International
CI 9360,,,International
CI 9363,,,International
CI 9363,,,International
CI 9365,,,International
CI 9365,,,International
CI 9591,,,International
CI 9593,,,International
CI 9593,,,International
CJ 9760,,,International
CM 2294,,,International
CM 2295,,,International
CM 2295,,,International
CM 2296,,,International
CM 2296,,,International
CX 1412,,,International
CX 1412,,,International
CX 1413,,,International
CX 1413,,,International
CX 1414,,,International
CX 1414,,,International
CX 1415,,,International
CX 1415,,,International
CX 1416,,,International
CX 1416,,,International
CX 238,,,International
CX 238,,,International
CX 239,,,International
CX 239,,,International
CX 250,,,International
CX 250,,,International
CX 252,,,International
CX 252,,,International
CX 253,,,International
CX 253,,,International
CX 254,,,International
CX 254,,,International
CX 256,,,International
CX 256,,,International
CX 257,,,International
CX 257,,,International
CX 7103,,,International
CX 7103,,,International
CX 7104,,,International
CX 7104,,,International
CX 7105,,,International
CX 7105,,,International
CX 7111,,,International
CX 7111,,,International
CX 7116,,,International
CX 7116,,,International
CX 7117,,,International
CX 7117,,,International
CX 7123,,,International
CX 7123,,,International
CX 7125,,,International
CX 7125,,,International
CX 7141,,,International
CX 7141,,,International
CX 7169,,,International
CX 7172,,,International
CX 7172,,,International
CX 7179,,,International
CX 7179,,,International
CX 7187,,,International
CX 7187,,,International
CX 7189,,,International
CX 7203,,,International
CX 7203,,,International
CX 7205,,,International
CX 7205,,,International
CX 7208,,,International
CX 7208,,,International
CX 7212,,,International
CX 7212,,,International
CX 7216,,,International
CX 7216,,,International
CX 7233,,,International
CX 7238,,,International
CX 7238,,,International
CX 7243,,,International
CX 7243,,,International
CX 7246,,,International
CX 7246,,,International
CX 7256,,,International
CX 7256,,,International
CX 7267,,,International
CX 7269,,,International
CX 7269,,,International
CX 7287,,,International
CX 7287,,,International
CX 7808,,,International
CX 7808,,,International
CX 7816,,,International
CX 7816,,,International
CX 9277,,,International
CX 9307,,,International
CX 9308,,,International
CX 9309,,,International
CY 107,,,International
CY 107,,,International
CY 110,,,International
CY 110,,,International
CY 111,,,International
CY 111,,,International
CY 1132,,,International
CY 121,,,International
CY 121,,,International
CY 1250,,,International
CY 1250,,,International
CY 1251,,,International
CY 1251,,,International
CY 1253,,,International
CY 1253,,,International
CY 1256,,,International
CY 1257,,,International
CY 1257,,,International
CY 2,,,International
CY 312,,,International
CY 312,,,International
CY 313,,,International
CY 313,,,International
CY 381,,,International
CY 381,,,International
CY 4850,,,International
CYO 420,,,International
CZ 303,,,International
CZ 303,,,International
CZ 304,,,International
CZ 304,,,International
CZ 673,,,International
CZ 673,,,International
CZ 674,,,International
CZ 674,,,International
CZ 7225,,,International
CZ 7225,,,International
CZ 7226,,,International
CZ 7226,,,International
CZ 7227,,,International
CZ 7227,,,International
CZ 7229,,,International
CZ 7229,,,International
CZ 7230,,,International
CZ 7232,,,International
CZ 7232,,,International
CZ 7239,,,International
CZ 7239,,,International
CZ 7242,,,International
CZ 7242,,,International
CZ 7243,,,International
CZ 7243,,,International
CZ 7252,,,International
CZ 7252,,,International
CZ 7254,,,International
CZ 7254,,,International
CZ 7255,,,International
CZ 7261,,,International
CZ 7261,,,International
CZ 7264,,,International
CZ 7264,,,International
CZ 7266,,,International
CZ 7266,,,International
CZ 7272,,,International
D3 164,,,International
D7 700,,,International
D7 700,,,International
D7 701,,,International
D7 701,,,International
D8 4401,,,International
D8 4401,,,International
D8 4402,,,International
D8 4402,,,International
DE 1472,,,International
DE 1472,,,International
DE 1473,,,International
DE 1473,,,International
DE 2291,,,International
DH 201,,,International
DH 201,,,International
DL 10,,,International
DL 10,,,International
DL 1605,,,International
DL 1605,,,International
DL 17,,,International
DL 17,,,International
DL 2,,,International
DL 2,,,International
DL 20,,,International
DL 20,,,International
DL 21,,,International
DL 21,,,International
DL 31,,,International
DL 31,,,International
DL 32,,,International
DL 32,,,International
DL 36,,,International
DL 36,,,International
DL 37,,,International
DL 37,,,International
DL 4,,,International
DL 4,,,International
DL 50,,,International
DL 51,,,International
DL 51,,,International
DL 5920,,,International
DL 5920,,,International
DL 5922,,,International
DL 5922,,,International
DL 5924,,,International
DL 5924,,,International
DL 5925,,,International
DL 5925,,,International
DL 5929,,,International
DL 5934,,,International
DL 5934,,,International
DL 5935,,,International
DL 5935,,,International
DL 5936,,,International
DL 5936,,,International
DL 5937,,,International
DL 5937,,,International
DL 5939,,,International
DL 5939,,,International
DL 5940,,,International
DL 5940,,,International
DL 5941,,,International
DL 5941,,,International
DL 5944,,,International
DL 5944,,,International
DL 5945,,,International
DL 5945,,,International
DL 5946,,,International
DL 5946,,,International
DL 5947,,,International
DL 5947,,,International
DL 5948,,,International
DL 5948,,,International
DL 5950,,,International
DL 5950,,,International
DL 5951,,,International
DL 5951,,,International
DL 5952,,,International
DL 5955,,,International
DL 5955,,,International
DL 5958,,,International
DL 5958,,,International
DL 5959,,,International
DL 5959,,,International
DL 5960,,,International
DL 5961,,,International
DL 5964,,,International
DL 5964,,,International
DL 5965,,,International
DL 5965,,,International
DL 5967,,,International
DL 5967,,,International
DL 5968,,,International
DL 5968,,,International
DL 5969,,,International
DL 5973,,,International
DL 5973,,,International
DL 5974,,,International
DL 5974,,,International
DL 5975,,,International
DL 5975,,,International
DL 5976,,,International
DL 5976,,,International
DL 5977,,,International
DL 5977,,,International
DL 5979,,,International
DL 5982,,,International
DL 5982,,,International
DL 5983,,,International
DL 5983,,,International
DL 5985,,,International
DL 5985,,,International
DL 5988,,,International
DL 5988,,,International
DL 5989,,,International
DL 5989,,,International
DL 5991,,,International
DL 5991,,,International
DL 5993,,,International
DL 5993,,,International
DL 5995,,,International
DL 5996,,,International
DL 5996,,,International
DL 5999,,,International
DL 5999,,,International
DL 6772,,,International
DL 6773,,,International
DL 7321,,,International
DL 7321,,,International
DL 7327,,,International
DL 7327,,,International
DL 7339,,Jeddah King Abdulaziz,International
DL 7339,,Jeddah King Abdulaziz,International
DL 7340,Jeddah King Abdulaziz,,International
DL 7340,Jeddah King Abdulaziz,,International
DL 7347,,,International
DL 7347,,,International
DL 7541,,,International
DL 7541,,,International
DL 7542,,,International
DL 7542,,,International
DL 7622,,,International
DL 7622,,,International
DL 7625,,,International
DL 7625,,,International
DL 7626,,,International
DL 7626,,,International
DL 7627,,,International
DL 7627,,,International
DL 7629,,,International
DL 7629,,,International
DL 7630,,,International
DL 7630,,,International
DL 7631,,,International
DL 7632,,,International
DL 7632,,,International
DL 7633,,,International
DL 7633,,,International
DL 7634,,,International
DL 7634,,,International
DL 7636,,,International
DL 7636,,,International
DL 8278,,,International
DL 8278,,,International
DL 8282,,,International
DL 8282,,,International
DL 8290,,,International
DL 8290,,,International
DL 8619,,,International
DL 8619,,,International
DL 9,,,International
DL 9,,,International
DL 9346,,,International
DL 9597,,,International
DL 9608,,,International
DL 9642,,,International
DL 9642,,,International
DL 9907,,,International
DS 1273,,,International
DS 1273,,,International
DS 1274,,,International
DS 1274,,,International
DT 579,,,International
DT 580,,,International
DY 1890,,,International
DY 1890,,,International
DY 1891,,,International
DY 1891,,,International
DY 4401,,,International
DY 4401,,,International
DY 4402,,,International
DY 4402,,,International
DY 9054,,,International
DY 9054,,,International
DY 9055,,,International
E2 807,,,International
E2 808,,,International
E2 809,,,International
E2 809,,,International
E2 810,,,International
E2 810,,,International
E2 811,,,International
E2 811,,,International
E2 812,,,International
E2 812,,,International
E2 813,,,International
E2 814,,,International
E2 814,,,International
E4 1667,,,International
E4 1667,,,International
E4 1668,,,International
E4 1668,,,International
E4 5017,,,International
E4 5018,,,International
E4 5421,,,International
E4 5422,,,International
E4 7227,,,International
E4 7228,,,International
E4 7360,,,International
E4 7771,,,International
E4 7772,,,International
E5 326,,,International
E5 326,,,International
EC 1859,,,International
EC 1860,,,International
EC 3759,,,International
EC 3760,,,International
EC 4577,,,International
EC 4578,,,International
EC 4655,,,International
EC 4656,,,International
EC 5367,,,International
EC 5367,,,International
EC 5368,,,International
EC 5368,,,International
EC 7983,,,International
EC 7984,,,International
EC 7984,,,International
EI 156,,,International
EI 158,,,International
EI 158,,,International
EI 159,,,International
EI 159,,,International
EI 161,,,International
EI 161,,,International
EI 162,,,International
EI 162,,,International
EI 163,,,International
EI 163,,,International
EI 164,,,International
EI 164,,,International
EI 166,,,International
EI 166,,,International
EI 167,,,International
EI 167,,,International
EI 168,,,International
EI 168,,,International
EI 169,,,International
EI 169,,,International
EI 171,,,International
EI 171,,,International
EI 172,,,International
EI 172,,,International
EI 173,,,International
EI 173,,,International
EI 176,,,International
EI 176,,,International
EI 177,,,International
EI 177,,,International
EI 178,,,International
EI 178,,,International
EI 179,,,International
EI 179,,,International
EI 182,,,International
EI 182,,,International
EI 183,,,International
EI 183,,,International
EI 385,,,International
EI 385,,,International
EI 386,,,International
EI 386,,,International
EI 714,,,International
EI 714,,,International
EI 715,,,International
EI 715,,,International
EI 722,,,International
EI 722,,,International
EI 723,,,International
EI 723,,,International
EI 724,,,International
EI 724,,,International
EI 725,,,International
EI 725,,,International
EI 776,,,International
EI 777,,,International
EI 778,,,International
EI 779,,,International
EI 8325,,,International
EI 8327,,,International
EI 8330,,,International
EI 8330,,,International
EI 8331,,,International
EI 8331,,,International
EI 8332,,,International
EI 8332,,,International
EI 8333,,,International
EI 8333,,,International
EI 8334,,,International
EI 8335,,,International
EI 8391,,,International
EI 8391,,,International
EI 8400,,,International
EI 8400,,,International
EI 8401,,,International
EI 8401,,,International
EI 8402,,,International
EI 8402,,,International
EI 8403,,,International
EI 8403,,,International
EI 8410,,,International
EI 8410,,,International
EI 8748,,,International
EI 8748,,,International
EI 8749,,,International
EI 8749,,,International
EI 8753,,,International
EI 8764,,,International
EI 8764,,,International
EI 8765,,,International
EI 8765,,,International
EI 8767,,,International
EI 8767,,,International
EI 8793,,,International
EI 8793,,,International
EI 8795,,,International
EI 8795,,,International
EI 8798,,,International
EI 8799,,,International
EI 8799,,,International
EI 8813,,,International
EI 8813,,,International
EI 8814,,,International
EI 8815,,,International
EI 8815,,,International
EI 8821,,,International
EI 8821,,,International
EI 8871,,,International
EI 8871,,,International
EI 8873,,,International
EI 8873,,,International
EI 8875,,,International
EI 8877,,,International
EI 8878,,,International
EI 8878,,,International
EI 8879,,,International
EI 8879,,,International
EI 8881,,,International
EI 8881,,,International
EI 8882,,,International
EI 8883,,,International
EI 8883,,,International
EI 8885,,,International
EI 8885,,,International
EI 8889,,,International
EI 8889,,,International
EI 8891,,,International
EI 8891,,,International
EI 8892,,,International
EI 8893,,,International
EI 8893,,,International
EI 8896,,,International
EI 8896,,,International
EI 8897,,,International
EI 8897,,,International
EI 8903,,,International
EI 8903,,,International
EI 8907,,,International
EI 8908,,,International
EI 8908,,,International
EI 8909,,,International
EI 8909,,,International
EI 8913,,,International
EI 8913,,,International
EI 8917,,,International
EI 8917,,,International
EI 8919,,,International
EI 8919,,,International
EI 8920,,,International
EI 8920,,,International
EI 8922,,,International
EI 8923,,,International
EI 8923,,,International
EI 8924,,,International
EI 8924,,,International
EI 8925,,,International
EI 8925,,,International
EI 8926,,,International
EI 8926,,,International
EI 8927,,,International
EI 8927,,,International
EI 8929,,,International
EI 8929,,,International
EI 8938,,,International
EI 8938,,,International
EI 8939,,,International
EI 8939,,,International
EI 8966,,,International
EI 8966,,,International
EI 8967,,,International
EI 8967,,,International
EI 8968,,,International
EI 8968,,,International
EI 8969,,,International
EI 8969,,,International
EI 8970,,,International
EI 8971,,,International
EI 8971,,,International
EI 8972,,,International
EI 8972,,,International
EI 8973,,,International
EI 8973,,,International
EI 8974,,,International
EI 8974,,,International
EI 8975,,,International
EI 8975,,,International
EI 8980,,,International
EI 8980,,,International
EI 8981,,,International
EI 8981,,,International
EI 8983,,,International
EI 8983,,,International
EI 8984,,,International
EI 8984,,,International
EI 8985,,,International
EI 8985,,,International
EI 8986,,,International
EI 8986,,,International
EI 8987,,,International
EI 8987,,,International
EI 8988,,,International
EI 8988,,,International
EI 8989,,,International
EI 8989,,,International
EI 8992,,,International
EI 8992,,,International
EI 8993,,,International
EI 8993,,,International
EI 8995,,,International
EI 8995,,,International
EI 8996,,,International
EI 8996,,,International
EI 8997,,,International
EI 8997,,,International
EI 915,,,International
EI 915,,,International
EI 916,,,International
EI 916,,,International
EJM 448,,,International
EK 1,,,International
EK 1,,,International
EK 110,,,International
EK 110,,,International
EK 110,,,International
EK 110,,,International
EK 2,,,International
EK 2,,,International
EK 29,,,International
EK 29,,,International
EK 2900,,,International
EK 2900,,,International
EK 3,,,International
EK 3,,,International
EK 30,,,International
EK 30,,,International
EK 31,,,International
EK 32,,,International
EK 3388,,,International
EK 3388,,,International
EK 3389,,,International
EK 3389,,,International
EK 3390,,,International
EK 3390,,,International
EK 3391,,,International
EK 3391,,,International
EK 3800,,,International
EK 3800,,,International
EK 3801,,,International
EK 3801,,,International
EK 4,,,International
EK 4,,,International
EK 5,,,International
EK 5,,,International
EK 6,,,International
EK 6,,,International
EK 770,,,International
EK 771,,,International
EK 773,,,International
EK 778,,,International
EK 779,,,International
EK 803,,,International
EK 803,,,International
EK 804,,,International
EK 804,,,International
EK 8110,,,International
EK 8110,,,International
ET 1140,,,International
ET 1141,,,International
ET 1141,,,International
ET 1164,,,International
ET 1164,,,International
ET 1727,,,International
ET 1727,,,International
ET 1741,,,International
ET 1741,,,International
ET 1742,,,International
ET 1742,,,International
ET 1860,,,International
ET 1860,,,International
ET 1866,,,International
ET 1866,,,International
ET 1868,,,International
ET 1868,,,International
ET 1870,,,International
ET 1870,,,International
ET 1877,,,International
ET 1877,,,International
ET 4507,,,International
ET 4511,,,International
ET 4519,,,International
ET 4519,,,International
ET 4557,,,International
ET 4558,,,International
ET 462,,,International
ET 462,,,International
ET 463,,,International
ET 463,,,International
ET 701,,,International
ET 701,,,International
ET 844,,,International
ET 845,,,International
ET 846,,,International
ET 847,,,International
EW 2461,,,International
EW 5666,,,International
EW 5666,,,International
EW 5667,,,International
EW 5667,,,International
EW 7462,,,International
EW 7462,,,International
EW 7463,,,International
EW 7463,,,International
EW 7906,,,International
EW 7906,,,International
EW 7907,,,International
EW 7907,,,International
EW 9464,,,International
EW 9464,,,International
EW 9465,,,International
EW 9465,,,International
EW 9466,,,International
EW 9466,,,International
EW 9467,,,International
EW 9467,,,International
EW 9902,,,International
EW 9902,,,International
EW 9903,,,International
EW 9903,,,International
EY 2600,,,International
EY 2600,,,International
EY 2601,,,International
EY 2601,,,International
EY 3916,,,International
EY 3916,,,International
EY 3917,,,International
EY 3917,,,International
EY 3997,,,International
EY 3997,,,International
EY 4000,,,International
EY 4000,,,International
EY 4001,,,International
EY 4002,,,International
EY 4002,,,International
EY 4004,,,International
EY 4004,,,International
EY 4005,,,International
EY 4005,,,International
EY 601,,,International
EY 601,,,International
EY 611,,,International
EY 611,,,International
EY 612,,,International
EY 612,,,International
EY 616,,,International
EY 616,,,International
EY 63,,,International
EY 63,,,International
EY 64,,,International
EY 64,,,International
EY 65,,,International
EY 65,,,International
EY 66,,,International
EY 66,,,International
EY 67,,,International
EY 67,,,International
EY 68,,,International
EY 68,,,International
EY 7580,,,International
EY 7581,,,International
F3 105,,,International
F3 105,,,International
F3 114,,,International
F3 117,,,International
F3 117,,,International
F3 118,,,International
F3 118,,,International
F3 119,,,International
F3 120,,,International
F3 120,,,International
F3 121,,,International
F3 121,,,International
F3 122,,,International
F3 122,,,International
F3 125,,,International
F3 125,,,International
F3 126,,,International
F3 126,,,International
F3 129,,,International
F3 129,,,International
F3 130,,,International
F3 130,,,International
F3 131,,,International
F3 131,,,International
F3 132,,,International
F3 132,,,International
F3 133,,,International
F3 133,,,International
F3 134,,,International
F3 134,,,International
F3 137,,,International
F3 137,,,International
F3 138,,,International
F3 138,,,International
F3 139,,,International
F3 139,,,International
F3 140,,,International
F3 140,,,International
F3 143,,,International
F3 143,,,International
F3 144,,,International
F3 144,,,International
F3 147,,,International
F3 147,,,International
F3 148,,,International
F3 148,,,International
F3 151,,,International
F3 151,,,International
F3 152,,,International
F3 152,,,International
F3 153,,,International
F3 153,,,International
F3 154,,,International
F3 154,,,International
F3 157,,,International
F3 157,,,International
F3 158,,,International
F3 158,,,International
F3 304,,,International
F3 308,,,International
F3 308,,,International
F3 310,,,International
F3 310,,,International
F3 317,,,International
F3 317,,,International
F3 318,,,International
F3 318,,,International
F3 321,,,International
F3 321,,,International
F3 323,,,International
F3 323,,,International
F3 338,,,International
F3 338,,,International
F3 341,,,International
F3 341,,,International
F3 342,,,International
F3 342,,,International
F3 345,,,International
F3 345,,,International
F3 345,,,International
F3 346,,,International
F3 346,,,International
F3 346,,,International
F3 353,,,International
F3 354,,,International
F3 355,,,International
F3 356,,,International
F3 356,,,International
F3 357,,,International
F3 357,,,International
F3 358,,,International
F3 358,,,International
F3 386,,,International
F3 386,,,International
F3 391,,,International
F3 391,,,International
F3 392,,,International
F3 392,,,International
F3 393,,,International
F3 393,,,International
F3 394,,,International
F3 394,,,International
F3 399,,,International
F3 399,,,International
F3 400,,,International
F3 400,,,International
F3 401,,,International
F3 401,,,International
F3 402,,,International
F3 402,,,International
F3 430,,,International
F3 430,,,International
F3 474,,,International
F3 742,,,International
F3 761,,,International
F3 761,,,International
F3 762,,,International
F3 762,,,International
F3 763,,,International
F3 763,,,International
F3 781,,,International
F3 782,,,International
F3 807,,,International
F3 807,,,International
F3 817,,,International
F3 822,,,International
F3 824,,,International
F3 829,,,International
F3 829,,,International
F3 9234,,,International
FA 102,,,International
FA 112,,,International
FA 113,,,International
FA 117,,,International
FA 120,,,International
FA 121,,,International
FA 130,,,International
FA 134,,,International
FA 135,,,International
FA 142,,,International
FA 143,,,International
FA 161,,,International
FA 170,,,International
FA 171,,,International
FA 176,,,International
FA 178,,,International
FA 179,,,International
FA 202,,,International
FA 203,,,International
FA 214,,,International
FA 215,,,International
FA 218,,,International
FA 219,,,International
FA 292,,,International
FA 294,,,International
FA 295,,,International
FA 303,,,International
FA 304,,,International
FA 307,,,International
FA 308,,,International
FA 31,,,International
FA 311,,,International
FA 340,,,International
FA 341,,,International
FA 352,,,International
FA 353,,,International
FA 358,,,International
FA 359,,,International
FA 464,,,International
FA 465,,,International
FA 470,,,International
FA 471,,,International
FA 512,,,International
FA 513,,,International
FA 567,,,International
FA 568,,,International
FA 600,,,International
FA 601,,,International
FA 620,,,International
FA 621,,,International
FA 636,,,International
FA 637,,,International
FA 671,,,International
FA 690,,,International
FA 691,,,International
FA 814,,,International
FA 815,,,International
FB 1613,,,International
FB 1623,,,International
FB 1623,,,International
FI 450,,,International
FI 450,,,International
FI 451,,,International
FI 451,,,International
FI 454,,,International
FI 454,,,International
FI 455,,,International
FI 455,,,International
FI 6024,,,International
FI 6024,,,International
FI 6033,,,International
FI 6033,,,International
FI 6034,,,International
FI 6034,,,International
FI 6035,,,International
FI 6036,,,International
FI 6036,,,International
FI 6037,,,International
FI 6037,,,International
FI 6040,,,International
FI 6422,,,International
FI 6422,,,International
FI 6429,,,International
FI 6429,,,International
FI 6741,,,International
FI 6741,,,International
FI 7001,,,International
FI 7001,,,International
FJ 5067,,,International
FJ 5067,,,International
FJ 5068,,,International
FJ 5068,,,International
FJ 5079,,,International
FJ 5902,,,International
FJ 5902,,,International
FJ 5950,,,International
FJ 5950,,,International
FJ 5955,,,International
FJ 5955,,,International
FJ 5957,,,International
FJ 5957,,,International
FJ 5958,,,International
FJ 5958,,,International
FR 1293,,,International
FR 2002,,,International
FR 2015,,,International
FR 2017,,,International
FR 2018,,,International
FR 2047,,,International
FR 2132,,,International
FR 250,,,International
FR 251,,,International
FR 414,,,International
FR 415,,,International
FR 4762,,,International
FR 492,,,International
FR 493,,,International
FR 5608,,,International
FR 5609,,,International
FR 7124,,,International
FR 7125,,,International
FR 9462,,,International
FR 9463,,,International
FY 7001,,,International
FY 7001,,,International
FY 7003,,,International
FY 7003,,,International
FY 7004,,,International
FY 7004,,,International
FZ 807,,,International
FZ 807,,,International
FZ 808,,,International
FZ 808,,,International
FZ 829,,,International
FZ 829,,,International
FZ 830,,,International
FZ 830,,,International
FZ 910,,,International
G3 5082,,,International
G3 5082,,,International
G3 5089,,,International
G3 5089,,,International
G3 5092,,,International
G3 5092,,,International
G3 5094,,,International
G3 5094,,,International
G3 5097,,,International
G3 5097,,,International
G3 5104,,,International
G3 5104,,,International
G3 5109,,,International
G3 5109,,,International
G3 5530,,,International
G3 5530,,,International
G9 147,,,International
G9 147,,,International
G9 148,,,International
G9 148,,,International
G9 149,,,International
G9 150,,,International
GA 8842,,,International
GA 8842,,,International
GA 8862,,,International
GA 8862,,,International
GA 8864,,,International
GA 8864,,,International
GA 8866,,,International
GA 8867,,,International
GA 8867,,,International
GA 8887,,,International
GA 8887,,,International
GA 8971,,,International
GA 8971,,,International
GA 9002,,,International
GA 9002,,,International
GA 9003,,,International
GA 9003,,,International
GA 9057,,,International
GA 9057,,,International
GA 9081,,,International
GA 9112,,Jeddah King Abdulaziz,International
GA 9112,,Jeddah King Abdulaziz,International
GA 9113,Jeddah King Abdulaziz,,International
GA 9113,Jeddah King Abdulaziz,,International
GA 9126,,,International
GA 9126,,,International
GA 9237,,,International
GA 9237,,,International
GA 9448,,,International
GA 9448,,,International
GA 950,,,International
GA 971,,,International
GA 975,,,International
GA 9797,,,International
GA 9797,,,International
GA 980,,,International
GA 981,,,International
GA 982,,,International
GA 983,,,International
GA 990,,,International
GA 991,,,International
GA 992,,,International
GA 993,,,International
GB 3112,,,International
GB 3137,,,International
GE 123,,,International
GE 124,,,International
GE 133,,,International
GE 153,,,International
GE 154,,,International
GE 163,,,International
GE 164,,,International
GE 165,,,International
GE 373,,,International
GE 376,,,International
GE 377,,,International
GEXX,,,International
GEXXX,,,International
GEXXXX,,,International
GEXXXX,,,International
GF 172,,,International
GF 172,,,International
GF 173,,,International
GF 173,,,International
GF 174,,,International
GF 174,,,International
GF 183,,,International
GF 183,,,International
GF 184,,,International
GF 184,,,International
GF 2,,,International
GF 3,,,International
GF 3,,,International
GF 4102,,,International
GF 4102,,,International
GF 4120,,,International
GF 4120,,,International
GF 4188,,,International
GF 4331,,,International
GF 4331,,,International
GF 4343,,,International
GF 4343,,,International
GF 4364,,,International
GF 4364,,,International
GF 4387,,,International
GF 4387,,,International
GF 6,,,International
GF 6,,,International
GF 6507,,,International
GF 6507,,,International
GF 6513,,,International
GF 6513,,,International
GF 6613,,,International
GF 6613,,,International
GF 6631,,,International
GF 6636,,,International
GF 6673,,,International
GF 6673,,,International
GF 6678,,,International
GF 6678,,,International
GF 6680,,,International
GF 6680,,,International
GF 6847,,,International
GF 6847,,,International
GF 6886,,,International
GF 944,,,International
GF 945,,,International
GJROO,,,International
GL 1271,,,International
GL 1271,,,International
GL 1272,,,International
GL 1272,,,International
GL 1272,,,International
GL 1272,,,International
GL 273,,,International
GL 273,,,International
GL 273,,,International
GL 273,,,International
GL 274,,,International
GL 274,,,International
GL 274,,,International
GL 274,,,International
GL 4206,,,International
GL 4206,,,International
GQ 602,,,International
GQ 602,,,International
GQ 603,,,International
GQ 603,,,International
GQ 606,,,International
GQ 606,,,International
GS 7965,,,International
GS 7965,,,International
GS 7966,,,International
GS 7966,,,International
H3 112,,,International
H3 113,,,International
HT 6162,,,International
HT 6163,,,International
HV 5683,,,International
HV 5684,,,International
HV 6358,,,International
HY 337,,,International
HY 338,,,International
I2 1502,,,International
I2 1513,,,International
IB 1502,,,International
IB 1513,,,International
IB 3500,,,International
IB 3500,,,International
IB 3502,,,International
IB 3502,,,International
IB 3506,,,International
IB 3506,,,International
IB 3507,,,International
IB 3507,,,International
IB 3509,,,International
IB 3510,,,International
IB 3511,,,International
IB 3511,,,International
IB 3513,,,International
IB 3513,,,International
IB 3515,Cape Town,,International
IB 3515,Cape Town,,International
IB 3517,,,International
IB 3519,,,International
IB 3519,,,International
IB 3520,,,International
IB 3520,,,International
IB 3521,,,International
IB 3521,,,International
IB 3522,,,International
IB 3522,,,International
IB 3523,,,International
IB 3523,,,International
IB 3524,,,International
IB 3524,,,International
IB 3526,,,International
IB 3526,,,International
IB 3527,,,International
IB 3527,,,International
IB 3529,,,International
IB 3529,,,International
IB 3531,,,International
IB 3531,,,International
IB 3532,,,International
IB 3533,,,International
IB 3533,,,International
IB 3541,,,International
IB 3541,,,International
IB 3542,,,International
IB 3543,,,International
IB 3543,,,International
IB 3546,,,International
IB 3546,,,International
IB 3547,,,International
IB 3547,,,International
IB 3552,,,International
IB 3552,,,International
IB 3559,,,International
IB 3559,,,International
IB 3561,,,International
IB 3563,,,International
IB 3564,,,International
IB 3564,,,International
IB 3565,,,International
IB 3565,,,International
IB 3566,,,International
IB 3567,,,International
IB 3567,,,International
IB 3569,,,International
IB 3569,,,International
IB 3571,,,International
IB 3571,,,International
IB 3573,,,International
IB 3573,,,International
IB 3574,,,International
IB 3575,,,International
IB 3575,,,International
IB 3578,,,International
IB 3578,,,International
IB 3579,,,International
IB 3579,,,International
IB 3580,,,International
IB 3580,,,International
IB 3582,,,International
IB 3582,,,International
IB 3584,,,International
IB 3585,,,International
IB 3585,,,International
IB 3586,,,International
IB 3586,,,International
IB 3588,,,International
IB 3588,,,International
IB 3590,,,International
IB 3590,,,International
IB 3592,,,International
IB 3592,,,International
IB 3593,,,International
IB 3593,,,International
IB 3594,,,International
IB 3594,,,International
IB 3595,,,International
IB 3595,,,International
IB 3596,,,International
IB 3596,,,International
IB 3598,,,International
IB 3598,,,International
IB 3599,,,International
IB 3599,,,International
IB 3600,,,International
IB 3600,,,International
IB 3601,,,International
IB 3601,,,International
IB 3602,,,International
IB 3602,,,International
IB 3606,,,International
IB 3606,,,International
IB 3608,,,International
IB 3608,,,International
IB 3609,,,International
IB 3609,,,International
IB 3610,,,International
IB 3610,,,International
IB 3613,,,International
IB 3613,,,International
IB 3614,,,International
IB 3614,,,International
IB 3615,,,International
IB 3615,,,International
IB 3616,,,International
IB 3616,,,International
IB 3617,,,International
IB 3617,,,International
IB 3618,,,International
IB 3618,,,International
IB 3619,,,International
IB 3619,,,International
IB 3620,,,International
IB 3621,,,International
IB 3621,,,International
IB 3622,,,International
IB 3622,,,International
IB 3624,,,International
IB 3624,,,International
IB 3625,,,International
IB 3625,,,International
IB 3626,,,International
IB 3626,,,International
IB 3627,,,International
IB 3627,,,International
IB 3628,,,International
IB 3628,,,International
IB 3629,,,International
IB 3629,,,International
IB 3630,,,International
IB 3630,,,International
IB 3631,,,International
IB 3631,,,International
IB 3632,,,International
IB 3632,,,International
IB 3634,,,International
IB 3634,,,International
IB 3635,,,International
IB 3635,,,International
IB 3636,,,International
IB 3636,,,International
IB 3642,,,International
IB 3642,,,International
IB 3643,,,International
IB 3644,,,International
IB 3645,,,International
IB 3646,,,International
IB 3647,,,International
IB 3647,,,International
IB 3648,,,International
IB 3648,,,International
IB 3649,,,International
IB 3649,,,International
IB 3650,,,International
IB 3650,,,International
IB 3653,,,International
IB 3653,,,International
IB 3656,,,International
IB 3656,,,International
IB 3658,,,International
IB 3658,,,International
IB 3659,,,International
IB 3659,,,International
IB 3660,,,International
IB 3661,,,International
IB 3662,,,International
IB 3663,,,International
IB 3663,,,International
IB 3665,,,International
IB 3665,,,International
IB 3666,,,International
IB 3666,,,International
IB 3667,,,International
IB 3667,,,International
IB 3675,,,International
IB 3675,,,International
IB 3676,,,International
IB 3676,,,International
IB 3681,,,International
IB 3681,,,International
IB 3689,,,International
IB 3689,,,International
IB 3690,,,International
IB 3690,,,International
IB 3691,,,International
IB 3691,,,International
IB 3694,,,International
IB 3694,,,International
IB 3696,,,International
IB 3696,,,International
IB 3697,,,International
IB 3697,,,International
IB 3703,,,International
IB 3703,,,International
IB 3704,,,International
IB 3704,,,International
IB 3710,,,International
IB 3710,,,International
IB 3713,,,International
IB 3713,,,International
IB 3736,,,International
IB 3736,,,International
IB 3737,,,International
IB 3737,,,International
IB 3741,,,International
IB 3741,,,International
IB 3742,,,International
IB 3742,,,International
IB 3746,,,International
IB 3746,,,International
IB 3748,,,International
IB 3748,,,International
IB 3750,,,International
IB 3750,,,International
IB 3753,,,International
IB 3753,,,International
IB 3755,,,International
IB 3755,,,International
IB 3760,,,International
IB 3761,,,International
IB 3761,,,International
IB 3762,,,International
IB 3762,,,International
IB 3763,,,International
IB 3763,,,International
IB 3768,,,International
IB 3768,,,International
IB 3776,,,International
IB 3776,,,International
IB 3777,,,International
IB 3777,,,International
IB 3780,,,International
IB 3780,,,International
IB 3795,,,International
IB 3796,,,International
IB 3796,,,International
IB 3797,,,International
IB 3797,,,International
IB 3798,,,International
IB 3798,,,International
IB 3800,,,International
IB 3800,,,International
IB 3803,,,International
IB 3803,,,International
IB 3804,,,International
IB 3804,,,International
IB 3805,,,International
IB 3805,,,International
IB 3806,,,International
IB 3806,,,International
IB 3809,,,International
IB 3809,,,International
IB 3810,,,International
IB 3811,,,International
IB 3811,,,International
IB 3821,,,International
IB 3821,,,International
IB 3822,,,International
IB 3822,,,International
IB 3835,,,International
IB 3835,,,International
IB 3836,,,International
IB 3836,,,International
IB 3848,,,International
IB 3848,,,International
IB 3853,,,International
IB 3853,,,International
IB 3862,,,International
IB 3862,,,International
IB 3912,,,International
IB 3912,,,International
IB 3914,,,International
IB 3914,,,International
IB 4189,,,International
IB 4189,,,International
IB 4204,,,International
IB 4204,,,International
IB 4205,,,International
IB 4205,,,International
IB 4206,,,International
IB 4206,,,International
IB 4207,,,International
IB 4207,,,International
IB 4219,,,International
IB 4221,,,International
IB 4221,,,International
IB 4228,,,International
IB 4228,,,International
IB 4237,,,International
IB 4249,,,International
IB 4249,,,International
IB 4262,,,International
IB 4262,,,International
IB 4265,,,International
IB 4265,,,International
IB 4396,,,International
IB 4396,,,International
IB 4613,,,International
IB 4613,,,International
IB 4614,,,International
IB 4614,,,International
IB 4665,,,International
IB 4665,,,International
IB 4669,,,International
IB 4669,,,International
IB 4673,,,International
IB 4673,,,International
IB 4761,,,International
IB 4761,,,International
IB 4784,,,International
IB 4784,,,International
IB 4855,,,International
IB 4855,,,International
IB 4856,,,International
IB 4856,,,International
IB 4860,,,International
IB 4860,,,International
IB 4915,,,International
IB 5050,,,International
IB 5050,,,International
IB 5051,,,International
IB 5051,,,International
IB 5160,,,International
IB 5161,,,International
IB 5170,,,International
IB 5170,,,International
IB 5171,,,International
IB 5171,,,International
IB 5279,,,International
IB 5280,,,International
IB 5416,,,International
IB 5417,,,International
IB 5419,,,International
IB 5420,,,International
IB 5421,,,International
IB 5728,,,International
IB 5729,,,International
IB 5936,,,International
IB 5936,,,International
IB 5937,,,International
IB 5937,,,International
IB 5958,,,International
IB 5958,,,International
IB 5959,,,International
IB 5959,,,International
IB 5991,,,International
IB 5991,,,International
IB 5992,,,International
IB 5992,,,International
IB 714,,,International
IB 714,,,International
IB 715,,,International
IB 716,,,International
IB 716,,,International
IB 717,,,International
IB 717,,,International
IB 718,,,International
IB 718,,,International
IB 719,,,International
IB 719,,,International
IB 7190,,,International
IB 7190,,,International
IB 7193,,,International
IB 7193,,,International
IB 720,,,International
IB 720,,,International
IB 721,,,International
IB 721,,,International
IB 722,,,International
IB 722,,,International
IB 723,,,International
IB 723,,,International
IB 724,,,International
IB 724,,,International
IB 725,,,International
IB 725,,,International
IB 726,,,International
IB 726,,,International
IB 7381,,,International
IB 7383,,,International
IB 7384,,,International
IB 7385,,,International
IB 7388,,,International
IB 7396,,,International
IB 7689,,,International
IB 8552,,,International
IX 398,,,International
IX 398,,,International
IXR 974,,London City,International
IXR 974,,,International
IY 508,,,International
IY 508,,,International
IY 509,,,International
IY 509,,,International
IY 515,,,International
IZ 1161,,,International
IZ 1161,,,International
IZ 1162,,,International
IZ 1162,,,International
IZ 161,,,International
IZ 169,,,International
IZ 170,,,International
J2 7,,,International
J2 7,,,International
J2 8,,,International
J2 8,,,International
J4 604,,,International
J4 604,,,International
J4 605,,,International
J4 605,,,International
J4 660,,,International
J4 660,,,International
J4 661,,,International
J4 661,,,International
J4 664,,,International
J4 668,,,International
J4 668,,,International
J5 101,,,International
J5 101,,,International
J5 101,,,International
J5 101,,,International
J5 113,,,International
J5 113,,,International
J5 1607,,,International
J5 201,,,International
J5 201,,,International
J5 202,,,International
J5 202,,,International
J5 203,,,International
J5 203,,,International
J5 204,,,International
J5 204,,,International
J5 403,,,International
J5 403,,,International
J5 404,,,International
J5 404,,,International
J5 405,,,International
J5 405,,,International
J5 406,,,International
J5 406,,,International
J5 503,,,International
J5 503,,,International
J5 503,,,International
J5 503,,,International
J5 505,,,International
J5 505,,,International
J5 511,,,International
J5 511,,,International
J5 512,,,International
J5 512,,,International
J5 601,,,International
J5 601,,,International
J5 602,,,International
J5 602,,,International
J5 607,,,International
J5 607,,,International
J5 608,,,International
J5 608,,,International
J5 623,,,International
J5 623,,,International
J5 624,,,International
J5 624,,,International
J5 801,,,International
J5 801,,,International
J5 802,,,International
J5 802,,,International
J5 803,,,International
J5 803,,,International
J5 804,,,International
J5 804,,,International
J9 211,,,International
J9 211,,,International
J9 212,,,International
J9 212,,,International
J9 213,,,International
J9 213,,,International
J9 214,,,International
J9 214,,,International
J9 346,,,International
JL 43,,,International
JL 43,,,International
JL 44,,,International
JL 44,,,International
JL 5508,,,International
JL 5508,,,International
JL 5509,,,International
JL 5509,,,International
JL 6502,,,International
JL 6502,,,International
JL 6510,,,International
JL 6511,,,International
JL 6513,,,International
JL 6513,,,International
JL 6514,,,International
JL 6514,,,International
JL 6515,,,International
JL 6516,,,International
JL 6516,,,International
JL 6520,,,International
JL 6520,,,International
JL 6521,,,International
JL 6521,,,International
JL 6522,,,International
JL 6522,,,International
JL 6523,,,International
JL 6523,,,International
JL 6530,,,International
JL 6530,,,International
JL 6532,,,International
JL 6534,,,International
JL 6534,,,International
JL 6535,,,International
JL 6535,,,International
JL 6539,,,International
JL 6539,,,International
JL 6540,,,International
JL 6540,,,International
JL 6543,,,International
JL 6543,,,International
JL 6544,,,International
JL 6547,,,International
JL 6547,,,International
JL 6840,,,International
JL 6840,,,International
JL 6841,,,International
JL 6841,,,International
JL 6981,,,International
JL 6981,,,International
JL 6983,,,International
JL 6983,,,International
JL 6984,,,International
JL 6984,,,International
JL 6985,,,International
JL 6986,,,International
JL 6986,,,International
JL 7079,,,International
JL 7079,,,International
JL 7080,,,International
JL 7080,,,International
JL 7082,,,International
JL 7083,,,International
JL 7083,,,International
JL 7100,,,International
JL 7101,,,International
JL 7101,,,International
JL 7102,,,International
JL 7102,,,International
JL 7103,,,International
JL 7103,,,International
JL 7104,,,International
JL 7104,,,International
JL 7120,,,International
JL 7120,,,International
JL 7121,,,International
JL 7121,,,International
JL 7124,,,International
JL 7124,,,International
JL 7125,,,International
JL 7125,,,International
JL 7126,,,International
JL 7126,,,International
JL 7129,,,International
JL 7129,,,International
JL 7130,,,International
JL 7130,,,International
JL 7134,,,International
JL 7136,,,International
JL 7136,,,International
JL 7137,,,International
JL 7137,,,International
JL 7138,,,International
JL 7138,,,International
JL 7140,,,International
JL 7144,,,International
JL 7144,,,International
JL 7147,,,International
JL 7147,,,International
JL 7148,,,International
JL 7148,,,International
JL 7149,,,International
JL 7150,,,International
JL 7150,,,International
JL 7152,,,International
JL 7152,,,International
JL 7153,,,International
JL 7153,,,International
JL 7156,,,International
JL 7157,,,International
JL 7157,,,International
JL 7158,,,International
JL 7158,,,International
JL 7159,,,International
JL 7160,,,International
JL 7160,,,International
JL 7161,,,International
JL 7161,,,International
JL 7162,,,International
JL 7162,,,International
JL 7164,,,International
JL 7166,,,International
JL 7169,,,International
JL 7701,,,International
JL 7701,,,International
JL 7702,,,International
JL 7703,,,International
JL 7710,,,International
JL 7710,,,International
JL 7714,,,International
JL 7714,,,International
JL 7716,,,International
JL 7716,,,International
JL 7718,,,International
JL 7718,,,International
JL 7719,,,International
JL 7719,,,International
JL 7721,,,International
JL 7721,,,International
JL 7723,,,International
JL 7723,,,International
JL 7726,,,International
JL 7726,,,International
JL 7727,,,International
JL 7727,,,International
JL 7728,,,International
JL 7728,,,International
JL 7731,,,International
JL 7731,,,International
JL 7732,,,International
JL 7732,,,International
JL 7733,,,International
JL 7733,,,International
JL 7734,,,International
JL 7735,,,International
JL 7735,,,International
JL 7742,,,International
JL 7742,,,International
JL 7745,,,International
JL 7745,,,International
JL 7747,,,International
JL 7747,,,International
JL 7748,,,International
JL 7748,,,International
JL 7751,,,International
JL 7751,,,International
JL 7753,,,International
JL 7753,,,International
JL 7754,,,International
JL 7754,,,International
JL 7755,,,International
JL 7755,,,International
JL 7756,,,International
JL 7756,,,International
JL 7760,,,International
JL 7760,,,International
JL 7762,,,International
JL 7762,,,International
JL 7764,,,International
JL 7764,,,International
JL 7765,,,International
JL 7765,,,International
JL 7766,,,International
JL 7766,,,International
JL 7767,,,International
JL 7767,,,International
JL 7768,,,International
JL 7768,,,International
JL 7771,,,International
JL 7773,,,International
JL 7773,,,International
JL 7775,,,International
JL 7775,,,International
JL 7782,,,International
JL 7782,,,International
JL 7783,,,International
JL 7783,,,International
JL 7784,,,International
JL 7784,,,International
JL 7785,,,International
JL 7786,,,International
JL 7786,,,International
JL 7787,,,International
JL 7787,,,International
JL 7791,,,International
JL 7791,,,International
JL 7793,,,International
JL 7793,,,International
JL 7794,,,International
JL 7794,,,International
JL 7795,,,International
JL 7795,,,International
JL 7796,,,International
JL 7796,,,International
JL 7797,,,International
JL 7797,,,International
JL 7821,,,International
JL 7821,,,International
JL 7822,,,International
JL 7822,,,International
JL 7827,,,International
JL 7827,,,International
JL 7828,,,International
JL 7828,,,International
JL 7829,,,International
JL 7829,,,International
JL 7831,,,International
JL 7831,,,International
JL 7832,,,International
JL 7832,,,International
JL 7833,,,International
JL 7833,,,International
JL 7835,,,International
JL 7854,,,International
JL 7854,,,International
JL 7856,,,International
JL 7856,,,International
JL 7857,,,International
JL 7857,,,International
JL 7860,,,International
JL 7860,,,International
JL 7861,,,International
JL 7861,,,International
JL 7865,,,International
JL 7865,,,International
JL 7873,,,International
JL 7873,,,International
JL 7874,,,International
JL 7874,,,International
JL 7876,,,International
JL 7878,,,International
JL 7878,,,International
JL 9230,,,International
JL 9239,,,International
JL 9330,,,International
JL 9330,,,International
JL 9373,,,International
JL 9373,,,International
JL 9416,,,International
JL 9416,,,International
JL 9420,,,International
JL 9420,,,International
JL 9421,,,International
JL 9423,,,International
JL 9423,,,International
JME 600G,,,International
JT 102,,,International
JT 103,,,International
JT 104,,,International
JT 105,,,International
JT 114,,,International
JT 114,,,International
JT 115,,,International
JT 115,,,International
JT 84,,,International
JT 84,,,International
JT 85,,,International
JT 85,,,International
JT 92,,,International
JT 93,,,International
JU 210,,,International
JU 210,,,International
JU 211,,,International
JU 211,,,International
JU 214,,,International
JU 214,,,International
JU 215,,,International
JU 215,,,International
JU 482,,,International
JU 482,,,International
JU 483,,,International
JU 483,,,International
JU 8349,,,International
KC 663,,,International
KC 663,,,International
KC 664,,,International
KC 664,,,International
KE 5907,,,International
KE 5907,,,International
KE 5908,,,International
KE 5908,,,International
KE 7969,,,International
KE 7969,,,International
KE 7970,,,International
KE 7970,,,International
KE 907,,,International
KE 907,,,International
KE 908,,,International
KE 908,,,International
KL 1005,,,International
KL 1006,,,International
KL 1006,,,International
KL 1009,,,International
KL 1009,,,International
KL 1010,,,International
KL 1010,,,International
KL 1011,,,International
KL 1011,,,International
KL 1012,,,International
KL 1012,,,International
KL 1013,,,International
KL 1013,,,International
KL 1014,,,International
KL 1014,,,International
KL 1017,,,International
KL 1017,,,International
KL 2504,,,International
KL 2504,,,International
KL 2505,,,International
KL 2505,,,International
KL 2506,,,International
KL 2506,,,International
KL 2508,,,International
KL 2509,,,International
KL 2509,,,International
KL 2510,,,International
KL 2510,,,International
KL 2512,,,International
KL 2512,,,International
KL 2514,,,International
KL 2515,,,International
KL 2515,,,International
KL 2517,,,International
KL 2517,,,International
KL 2518,,,International
KL 2518,,,International
KL 2519,,,International
KL 3062,,,International
KL 3062,,,International
KL 3063,,,International
KL 3063,,,International
KL 3066,,,International
KL 3066,,,International
KL 3067,,,International
KL 3067,,,International
KL 3324,,,International
KL 3379,,,International
KL 4804,,,International
KL 4804,,,International
KL 4806,,,International
KL 4806,,,International
KL 4808,,,International
KL 4808,,,International
KL 4810,,,International
KL 4810,,,International
KL 4811,,,International
KL 4812,,,International
KL 4812,,,International
KL 4813,,,International
KL 4813,,,International
KL 4814,,,International
KL 4814,,,International
KL 4815,,,International
KL 4822,,,International
KL 4822,,,International
KL 4823,,,International
KL 4823,,,International
KL 4824,,,International
KL 4824,,,International
KL 4826,,,International
KL 4826,,,International
KL 4827,,,International
KL 4827,,,International
KL 4828,,,International
KL 4828,,,International
KL 4829,,,International
KL 4829,,,International
KL 4832,,,International
KL 4832,,,International
KL 4842,,,International
KL 4842,,,International
KL 4843,,,International
KL 4843,,,International
KL 597,,,International
KL 598,,,International
KL 6006,,,International
KL 6006,,,International
KL 6021,,,International
KL 6021,,,International
KL 6022,,,International
KL 6022,,,International
KL 6069,,,International
KL 6069,,,International
KL 6082,,,International
KL 6082,,,International
KL 6102,,,International
KL 6102,,,International
KL 6111,,,International
KL 6111,,,International
KL 6112,,,International
KL 6112,,,International
KL 6113,,,International
KL 6116,,,International
KL 6116,,,International
KL 6139,,,International
KL 6139,,,International
KL 6166,,,International
KL 6166,,,International
KL 6195,,,International
KL 6195,,,International
KM 101,,,International
KM 101,,,International
KM 102,,,International
KM 102,,,International
KM 103,,,International
KM 103,,,International
KM 2938,,,International
KM 2938,,,International
KM 2942,,,International
KM 2942,,,International
KM 2943,,,International
KM 2943,,,International
KQ 100,,,International
KQ 100,,,International
KQ 1009,,,International
KQ 101,,,International
KQ 101,,,International
KQ 1012,,,International
KQ 1012,,,International
KQ 1013,,,International
KQ 1013,,,International
KQ 1018,,,International
KQ 1018,,,International
KQ 1023,,,International
KQ 1023,,,International
KQ 1033,,,International
KQ 1033,,,International
KQ 3058,,,International
KQ 3058,,,International
KQ 3079,,,International
KQ 3079,,,International
KQ 3081,,,International
KQ 3081,,,International
KQ 3903,,,International
KQ 3903,,,International
KQ 3905,,,International
KQ 3905,,,International
KQ 4017,,,International
KQ 4019,,,International
KQ 4067,,,International
KQ 4067,,,International
KQ 4077,,,International
KQ 4077,,,International
KQ 4080,,,International
KQ 4080,,,International
KQ 4089,,,International
KQ 4089,,,International
KQ 784,,,International
KQ 785,,,International
KU 101,,,International
KU 102,,,International
KU 107,,,International
KU 107,,,International
KU 108,,,International
KU 108,,,International
KU 785,,,International
KU 785,,,International
KU 786,,,International
KU 786,,,International
LA 1539,,,International
LA 1539,,,International
LA 1540,,,International
LA 1540,,,International
LA 1541,,,International
LA 1541,,,International
LA 1542,,,International
LA 1542,,,International
LA 1543,,,International
LA 1543,,,International
LA 1584,,,International
LA 1584,,,International
LA 1657,,,International
LA 1657,,,International
LA 1675,,,International
LA 1701,,,International
LA 1701,,,International
LA 1702,,,International
LA 1702,,,International
LA 1704,,,International
LA 1704,,,International
LA 5049,,,International
LA 5049,,,International
LA 5050,,,International
LA 5050,,,International
LA 5308,,,International
LA 5308,,,International
LA 5309,,,International
LA 5309,,,International
LA 5329,,,International
LA 5329,,,International
LA 5334,,,International
LA 5334,,,International
LA 5409,,,International
LA 5409,,,International
LA 5434,,,International
LA 5481,,,International
LA 5481,,,International
LA 5483,,,International
LA 5483,,,International
LA 5484,,,International
LA 5484,,,International
LA 5485,,,International
LA 5485,,,International
LA 5486,,,International
LA 5486,,,International
LA 5487,,,International
LA 5487,,,International
LA 5488,,,International
LA 5488,,,International
LA 5489,,,International
LA 5489,,,International
LA 5490,,,International
LA 5490,,,International
LA 5495,,,International
LA 5496,,,International
LA 5496,,,International
LA 5497,,,International
LA 5497,,,International
LA 5499,,,International
LA 5499,,,International
LA 5500,,,International
LA 5500,,,International
LA 5501,,,International
LA 5501,,,International
LA 5502,,,International
LA 5503,,,International
LA 5503,,,International
LA 5504,,,International
LA 5504,,,International
LA 5505,,,International
LA 5505,,,International
LA 5506,,,International
LA 5506,,,International
LA 5508,,,International
LA 5509,,,International
LA 5509,,,International
LA 5510,,,International
LA 5511,,,International
LA 5511,,,International
LA 5512,,,International
LA 5512,,,International
LA 5513,,,International
LA 5513,,,International
LA 5515,,,International
LA 5515,,,International
LA 5518,,,International
LA 5518,,,International
LA 5519,,,International
LA 5519,,,International
LA 5520,,,International
LA 5520,,,International
LA 5521,,,International
LA 5521,,,International
LA 5522,,,International
LA 5522,,,International
LA 5523,,,International
LA 5523,,,International
LA 5525,,,International
LA 5525,,,International
LA 5560,,,International
LA 5630,,,International
LA 5651,,,International
LA 5652,,,International
LA 5655,,,International
LA 5669,,,International
LA 5669,,,International
LA 5670,,,International
LA 5670,,,International
LA 5741,,,International
LA 5743,,,International
LA 5746,,,International
LA 7491,,,International
LA 7491,,,International
LA 7492,,,International
LA 7492,,,International
LA 8060,,,International
LA 8061,,,International
LA 8084,,,International
LA 8084,,,International
LA 8085,,,International
LA 8085,,,International
LA 8780,,,International
LA 8780,,,International
LA 8781,,,International
LA 8781,,,International
LA 8786,,,International
LA 8786,,,International
LA 8787,,,International
LA 8787,,,International
LA 8919,,,International
LA 8919,,,International
LA 8922,,,International
LA 8922,,,International
LG 4593,,,International
LG 4594,,,International
LH 2473,,,International
LH 2473,,,International
LH 2474,,,International
LH 2474,,,International
LH 2475,,,International
LH 2475,,,International
LH 2476,,,International
LH 2476,,,International
LH 2477,,,International
LH 2477,,,International
LH 2478,,,International
LH 2478,,,International
LH 2479,,,International
LH 2479,,,International
LH 2480,,,International
LH 2480,,,International
LH 2481,,,International
LH 2481,,,International
LH 2482,,,International
LH 2482,,,International
LH 2486,,,International
LH 2486,,,International
LH 2487,,,International
LH 2487,,,International
LH 4227,,,International
LH 4227,,,International
LH 4228,,,International
LH 4228,,,International
LH 4229,,,International
LH 4229,,,International
LH 4230,,,International
LH 4230,,,International
LH 4231,,,International
LH 4231,,,International
LH 4232,,,International
LH 4232,,,International
LH 5330,,,International
LH 5330,,,International
LH 5331,,,International
LH 5331,,,International
LH 5332,,,International
LH 5332,,,International
LH 5333,,,International
LH 5333,,,International
LH 5338,,,International
LH 5338,,,International
LH 5339,,,International
LH 5339,,,International
LH 577,,,International
LH 6559,,,International
LH 6559,,,International
LH 6582,,,International
LH 6586,,,International
LH 6586,,,International
LH 6588,,,International
LH 6588,,,International
LH 6692,,,International
LH 6692,,,International
LH 6812,,,International
LH 6812,,,International
LH 6834,,,International
LH 6834,,,International
LH 6835,,,International
LH 6835,,,International
LH 6838,,,International
LH 6838,,,International
LH 6841,,,International
LH 6841,,,International
LH 6847,,,International
LH 6847,,,International
LH 7452,,,International
LH 7452,,,International
LH 7500,,,International
LH 7500,,,International
LH 7620,,,International
LH 7620,,,International
LH 7621,,,International
LH 7621,,,International
LH 7624,,,International
LH 7625,,,International
LH 7625,,,International
LH 7627,,,International
LH 7627,,,International
LH 7628,,,International
LH 7629,,,International
LH 7629,,,International
LH 7631,,,International
LH 7768,,,International
LH 7768,,,International
LH 7813,,,International
LH 7813,,,International
LH 7818,,,International
LH 7818,,,International
LH 7903,,,International
LH 7903,,,International
LH 8572,,,International
LH 8572,,,International
LH 8573,,,International
LH 8573,,,International
LH 906,,,International
LH 906,,,International
LH 908,,,International
LH 908,,,International
LH 909,,,International
LH 909,,,International
LH 914,,,International
LH 914,,,International
LH 915,,,International
LH 915,,,International
LH 916,,,International
LH 916,,,International
LH 918,,,International
LH 918,,,International
LH 919,,,International
LH 919,,,International
LH 920,,,International
LH 920,,,International
LH 922,,,International
LH 922,,,International
LH 9260,,,International
LH 9260,,,International
LH 9266,,,International
LH 9266,,,International
LH 9267,,,International
LH 9342,,,International
LH 9342,,,International
LH 9349,,,International
LH 9354,,,International
LH 9354,,,International
LH 9355,,,International
LH 9355,,,International
LH 9356,,,International
LH 9356,,,International
LH 9374,,,International
LH 9378,,,International
LH 9378,,,International
LH 9379,,,International
LH 9379,,,International
LH 9648,,,International
LH 9648,,,International
LH 9649,,,International
LH 9649,,,International
LL 5237,,,International
LL 5238,,,International
LL 5242,,,International
LL 5244,,,International
LL 5246,,,International
LL 5556,,,International
LL 5556,,,International
LL 5557,,,International
LL 5557,,,International
LM 655,,,International
LM 655,,,International
LM 656,,,International
LM 656,,,International
LM 675,,,International
LM 675,,,International
LM 676,,,International
LM 676,,,International
LM 942C,,,International
LO 171,,,International
LO 171,,,International
LO 172,,,International
LO 172,,,International
LO 279,,,International
LO 279,,,International
LO 280,,,International
LO 280,,,International
LO 282,,,International
LO 282,,,International
LO 285,,,International
LO 285,,,International
LO 6451,,,International
LO 6451,,,International
LO 6452,,,International
LO 6452,,,International
LS 1202,,,International
LS 1269,,,International
LS 1269,,,International
LS 1270,,,International
LS 1270,,,International
LS 1421,,,International
LS 1422,,,International
LS 1495,,,International
LS 1495,,,International
LS 1496,,,International
LS 1496,,,International
LS 167,,,International
LS 168,,,International
LS 217,,,International
LS 218,,,International
LS 3101,,,International
LS 3102,,,International
LS 315,,,International
LS 316,,,International
LS 545,,,International
LS 546,,,International
LS 661,,,International
LS 661,,,International
LS 662,,,International
LS 662,,,International
LS 785,,,International
LS 786,,,International
LS 807,,,International
LS 808,,,International
LS 943,,,International
LS 943,,,International
LS 944,,,International
LS 944,,,International
LX 3035,,,International
LX 3036,,,International
LX 3036,,,International
LX 3038,,,International
LX 3038,,,International
LX 3040,,,International
LX 3041,,,International
LX 3042,,,International
LX 3044,,,International
LX 3044,,,International
LX 3045,,,International
LX 3046,,,International
LX 3046,,,International
LX 3048,,,International
LX 3048,,,International
LX 3049,,,International
LX 3049,,,International
LX 3050,,,International
LX 3050,,,International
LX 3051,,,International
LX 3051,,,International
LX 3052,,,International
LX 3052,,,International
LX 3053,,,International
LX 3053,,,International
LX 3055,,,International
LX 3056,,,International
LX 3056,,,International
LX 3058,,,International
LX 3058,,,International
LX 3060,,,International
LX 3060,,,International
LX 3062,,,International
LX 3062,,,International
LX 3064,,,International
LX 3064,,,International
LX 3118,,,International
LX 3118,,,International
LX 3119,,,International
LX 3119,,,International
LX 3122,,,International
LX 3122,,,International
LX 3123,,,International
LX 3123,,,International
LX 318,,,International
LX 318,,,International
LX 319,,,International
LX 319,,,International
LX 324,,,International
LX 324,,,International
LX 325,,,International
LX 325,,,International
LX 326,,,International
LX 326,,,International
LX 327,,,International
LX 327,,,International
LX 332,,,International
LX 332,,,International
LX 333,,,International
LX 333,,,International
LX 338,,,International
LX 338,,,International
LX 339,,,International
LX 339,,,International
LX 340,,,International
LX 340,,,International
LX 348,,,International
LX 348,,,International
LX 349,,,International
LX 349,,,International
LX 354,,,International
LX 354,,,International
LX 355,,,International
LX 355,,,International
LX 356,,,International
LX 356,,,International
LX 357,,,International
LX 357,,,International
LX 456,,,International
LX 457,,,International
LY 4713,,,International
LY 4714,,,International
LY 5134,,,International
LY 5134,,,International
LY 5436,,,International
LY 5442,,,International
LY 8203,,,International
LY 8203,,,International
LY 9808,,,International
LY 9808,,,International
ME 201,,,International
ME 201,,,International
ME 202,,,International
ME 202,,,International
ME 203,,,International
ME 204,,,International
ME 261,,,International
ME 261,,,International
ME 262,,,International
ME 262,,,International
ME 368,,,International
ME 368,,,International
ME 369,,,International
ME 369,,,International
ME 4507,,,International
ME 4507,,,International
ME 4512,,,International
ME 4512,,,International
ME 4522,,,International
ME 4522,,,International
MF 6503,,,International
MF 9638,,,International
MF 9639,,,International
MF 9639,,,International
MF 9640,,,International
MF 9640,,,International
MF 9641,,,International
MF 9641,,,International
MF 9642,,,International
MF 9642,,,International
MF 9643,,,International
MF 9643,,,International
MF 9646,,,International
MF 9646,,,International
MF 9647,,,International
MF 9647,,,International
MF 9648,,,International
MF 9648,,,International
MH 1,,,International
MH 1,,,International
MH 156,,,International
MH 157,,,International
MH 3,,,International
MH 3,,,International
MH 4,,,International
MH 4,,,International
MH 5719,,,International
MH 5719,,,International
MH 5758,,,International
MH 5758,,,International
MH 5760,,,International
MH 5760,,,International
MH 5761,,,International
MH 5761,,,International
MH 5765,,,International
MH 5765,,,International
MH 5880,,,International
MH 5880,,,International
MH 5881,,,International
MH 5881,,,International
MH 5882,,,International
MH 5882,,,International
MH 5883,,,International
MH 5883,,,International
MH 9150,,,International
MH 9150,,,International
MH 9153,,,International
MH 9153,,,International
MH 9154,,,International
MH 9154,,,International
MH 9157,,,International
MH 9157,,,International
MH 9393,,,International
MH 9399,,,International
MH 9399,,,International
MH 9408,,,International
MH 9408,,,International
MH 9423,,,International
MH 9423,,,International
MH 9436,,,International
MH 9436,,,International
MH 9463,,,International
MH 9463,,,International
MH 9479,,,International
MH 9479,,,International
MH 9530,,,International
MH 9530,,,International
MH 9535,,,International
MH 9535,,,International
MH 9668,,,International
MH 9668,,,International
MH 9691,,,International
MH 9693,,,International
MH 9693,,,International
MH 9694,,,International
MH 9694,,,International
MH 9695,,,International
MH 9695,,,International
MH 9696,,,International
MH 9696,,,International
MH 9698,,,International
MH 9698,,,International
MH 9701,,,International
MH 9701,,,International
MH 9703,,,International
MH 9703,,,International
MH 9705,,,International
MH 9705,,,International
MH 9706,,,International
MH 9706,,,International
MH 9717,,,International
MH 9717,,,International
MH 9802,,,International
MH 9802,,,International
MH 9805,,,International
MH 9805,,,International
MH 9820,,,International
MH 9820,,,International
MH 9832,,,International
MH 9832,,,International
MH 9833,,,International
MH 9833,,,International
MH 9839,,,International
MH 9839,,,International
MH 9841,,,International
MH 9841,,,International
MH 9846,,,International
MH 9846,,,International
MH 9850,,,International
MH 9850,,,International
MH 9890,,,International
MH 9890,,,International
MH 9905,,,International
MH 9905,,,International
MH 9907,,,International
MH 9907,,,International
MH 9911,,,International
MH 9911,,,International
MH 9919,,,International
MH 9919,,,International
MH 9951,,,International
MH 9951,,,International
MH 9955,,,International
MH 9955,,,International
MH 9961,,,International
MH 9961,,,International
MK 9410,,,International
MK 9410,,,International
MK 9414,,,International
MK 9414,,,International
MK 9417,,,International
MK 9417,,,International
MK 9418,,,International
MK 9418,,,International
MK 9419,,,International
MK 9419,,,International
MK 9511,,,International
MK 9511,,,International
MS 643,,,International
MS 643,,,International
MS 644,,,International
MS 644,,,International
MS 655,,,International
MS 655,,,International
MS 656,,,International
MS 656,,,International
MS 668,,,International
MS 668,,,International
MS 669,,,International
MS 669,,,International
MS 670,,,International
MS 670,,,International
MS 671,,,International
MS 671,,,International
MS 672,,,International
MS 672,,,International
MS 741,,,International
MS 741,,,International
MS 742,,,International
MS 742,,,International
MS 777,,,International
MS 777,,,International
MS 778,,,International
MS 778,,,International
MS 779,,,International
MS 779,,,International
MS 780,,,International
MS 780,,,International
MS 807,,,International
MS 808,,,International
MS 825,,,International
MS 826,,,International
MS 9434,,,International
MS 9434,,,International
MS 9438,,,International
MS 9438,,,International
MS 9533,,,International
MS 9533,,,International
MS 9548,,,International
MS 9548,,,International
MS 9600,,,International
MS 9600,,,International
MS 9614,,,International
MS 9614,,,International
MS 9615,,,International
MS 9615,,,International
MS 9619,,,International
MS 9619,,,International
MS 9630,,,International
MS 9630,,,International
MU 1548,,,International
MU 1548,,,International
MU 1549,,,International
MU 1549,,,International
MU 1641,,,International
MU 1641,,,International
MU 1643,,,International
MU 1643,,,International
MU 1644,,,International
MU 1644,,,International
MU 1819,,,International
MU 1819,,,International
MU 3645,,,International
MU 3647,,,International
MU 3649,,,International
MU 3649,,,International
MU 4520,,,International
MU 4520,,,International
MU 4521,,,International
MU 4521,,,International
MU 4584,,,International
MU 4584,,,International
MU 4585,,,International
MU 4588,,,International
MU 4588,,,International
MU 551,,,International
MU 551,,,International
MU 552,,,International
MU 552,,,International
N2 477T,,,International
N7 10LU,,,International
N7 14LU,,,International
,,,International
,,,International
NB 1512,,,International
NB 1541,,,International
NE 176,,,International
NE 500,,,International
NE 501,,,International
NE 501,,,International
NH 211,,,International
NH 211,,,International
NH 212,,,International
NH 212,,,International
NH 5062,,,International
NH 5062,,,International
NH 5094,,,International
NH 5094,,,International
NH 5133,,,International
NH 5133,,,International
NH 5166,,,International
NH 5166,,,International
NH 5355,,,International
NH 5355,,,International
NH 6136,,,International
NH 6136,,,International
NH 6137,,,International
NH 6137,,,International
NH 6138,,,International
NH 6138,,,International
NH 6139,,,International
NH 6139,,,International
NH 6142,,,International
NH 6142,,,International
NH 6145,,,International
NH 6145,,,International
NH 6721,,,International
NH 6721,,,International
NH 6722,,,International
NH 6722,,,International
NH 6731,,,International
NH 6731,,,International
NH 6732,,,International
NH 6732,,,International
NH 6753,,,International
NH 6753,,,International
NH 6754,,,International
NH 6754,,,International
NH 6755,,,International
NH 6755,,,International
NH 6756,,,International
NH 6756,,,International
NH 7840,,,International
NH 7840,,,International
NH 7841,,,International
NH 7841,,,International
NP 127,,,International
NP 127,,,International
NP 128,,,International
NP 128,,,International
NP 327,,,International
NP 427,,,International
NP 428,,,International
NT 1550,,,International
NT 1551,,,International
NT 412,,,International
NT 421,,,International
NT 428,,,International
NT 440,,,International
NT 441,,,International
NT 451,,,International
NT 462,,,International
NT 471,,,International
NT 482,,,International
NT 489,,,International
NT 497,,,International
NT 522,,,International
NT 530,,,International
NT 538,,,International
NT 539,,,International
NT 5479,,,International
NT 548,,,International
NT 549,,,International
NT 556,,,International
NT 557,,,International
NT 559,,,International
NT 566,,,International
NT 567,,,International
NT 570,,,International
NT 571,,,International
NT 576,,,International
NT 582,,,International
NT 583,,,International
NT 587,,,International
NT 591,,,International
NT 782,,,International
NT 785,,,International
NT 786,,,International
NZ 3308,,,International
NZ 3308,,,International
NZ 3317,,,International
NZ 3317,,,International
NZ 3318,,,International
NZ 3318,,,International
NZ 3319,,,International
NZ 3319,,,International
NZ 3321,,,International
NZ 3321,,,International
NZ 4161,,,International
NZ 4161,,,International
NZ 4162,,,International
NZ 4162,,,International
NZ 4163,,,International
NZ 4164,,,International
NZ 4290,,,International
NZ 4290,,,International
NZ 4293,,,International
NZ 4293,,,International
NZ 4294,,,International
NZ 4294,,,International
NZ 4297,,,International
NZ 4297,,,International
NZ 4298,,,International
NZ 4298,,,International
NZ 4299,,,International
NZ 4299,,,International
NZ 4824,,,International
NZ 4824,,,International
NZ 4839,,,International
NZ 4839,,,International
NZ 9831,,,International
NZ 9835,,,International
NZ 9835,,,International
NZ 9854,,,International
NZ 9854,,,International
NZ 9855,,,International
NZ 9855,,,International
OD 701,,,International
OD 701,,,International
OD 702,,,International
OD 702,,,International
OD 704,,,International
OD 705,,,International
OD 705,,,International
OD 706,,,International
OO 5038,,,International
OO 5038,,,International
OS 333,,,International
OS 333,,,International
OS 334,,,International
OS 334,,,International
OS 337,,,International
OS 337,,,International
OS 338,,,International
OS 338,,,International
OS 339,,,International
OS 339,,,International
OS 7792,,,International
OS 7795,,,International
OS 7795,,,International
OS 7797,,,International
OS 7797,,,International
OS 7798,,,International
OS 7798,,,International
OS 7799,,,International
OS 7799,,,International
OS 7800,,,International
OS 7805,,,International
OS 7805,,,International
OS 7807,,,International
OS 7807,,,International
OS 7808,,,International
OS 7810,,,International
OS 7810,,,International
OS 7813,,,International
OS 7813,,,International
OS 7847,,,International
OS 7847,,,International
OS 7851,,,International
OS 7851,,,International
OS 7852,,,International
OS 7853,,,International
OS 7853,,,International
OS 7854,,,International
OS 7854,,,International
OS 7855,,,International
OS 7855,,,International
OS 7857,,,International
OS 7858,,,International
OS 7858,,,International
OS 7906,,,International
OS 7906,,,International
OS 7909,,,International
OS 7909,,,International
OS 7911,,,International
OS 7911,,,International
OS 7912,,,International
OS 7912,,,International
OS 793,,,International
OS 793,,,International
OS 794,,,International
OS 794,,,International
OS 795,,,International
OS 795,,,International
OS 796,,,International
OS 796,,,International
OS 7992,,,International
OS 7992,,,International
OS 8211,,,International
OS 8211,,,International
OS 8214,,,International
OS 8214,,,International
OS 8227,,,International
OS 8238,,,International
OS 8238,,,International
OS 8239,,,International
OS 8239,,,International
OS 8282,,,International
OS 8282,,,International
OS 8283,,,International
OS 8283,,,International
OS 8287,,,International
OS 8287,,,International
OS 8288,,,International
OS 8288,,,International
OS 8289,,,International
OS 8289,,,International
OS 8307,,,International
OS 8307,,,International
OU 490,,,International
OU 490,,,International
OU 491,,,International
OU 491,,,International
OU 5485,,,International
OU 5485,,,International
OU 5486,,,International
OU 5486,,,International
OU 5488,,,International
OU 5488,,,International
OU 5490,,,International
OU 5490,,,International
OU 5803,,,International
OU 5803,,,International
OU 5925,,,International
OU 5925,,,International
OV 285,,,International
OV 285,,,International
OV 286,,,International
OV 286,,,International
OZ 521,,,International
OZ 521,,,International
OZ 521,,,International
OZ 521,,,International
OZ 522,,,International
OZ 522,,,International
P0 51,,,International
P4 7576,,,International
P4 7576,,,International
P4 7577,,,International
P4 7577,,,International
PC 6137,,,International
PC 7650,,,International
PC 7650,,,International
PC 7656,,,International
PC 7656,,,International
PC 7742,,,International
PC 7813,,,International
PF 722,,,International
PF 723,,,International
PF 728,,,International
PF 729,,,International
PK 5931,,,International
PK 5931,,,International
PK 5932,,,International
PK 5932,,,International
PK 5971,,,International
PK 5971,,,International
PK 5972,,,International
PK 5972,,,International
PK 5980,,,International
PK 5980,,,International
PK 5983,,,International
PK 5983,,,International
PK 5984,,,International
PK 5984,,,International
PK 5985,,,International
PK 5985,,,International
PK 5986,,,International
PK 5986,,,International
PK 5987,,,International
PK 5987,,,International
PK 5988,,,International
PK 5989,,,International
PK 5989,,,International
PK 5990,,,International
PK 5990,,,International
PK 732,,,International
PK 732,,,International
PK 739,,,International
PK 739,,,International
PK 759,,,International
PK 760,,,International
PK 761,,,International
PK 761,,,International
PM 546,,,International
PM 547,,,International
PM 548,,,International
PM 549,,,International
PM 729,,,International
PM 730,,,International
PM 731,,,International
PM 732,,,International
PM 733,,,International
PM 738,,,International
PM 783,,,International
PM 784,,,International
PM 785,,,International
PM 786,,,International
Q4 7502,,,International
Q4 7502,,,International
QF 10,,,International
QF 10,,,International
QF 2,,,International
QF 2,,,International
QF 3502,,,International
QF 3502,,,International
QF 3503,,,International
QF 3504,,,International
QF 3504,,,International
QF 3506,,,International
QF 3506,,,International
QF 3509,,,International
QF 3509,,,International
QF 3511,,,International
QF 3511,,,International
QF 3513,,,International
QF 3513,,,International
QF 3514,,,International
QF 3514,,,International
QF 3516,,,International
QF 3516,,,International
QF 3518,,,International
QF 3518,,,International
QF 3520,,,International
QF 3520,,,International
QF 3526,,,International
QF 3526,,,International
QF 3528,,,International
QF 3528,,,International
QF 3532,,,International
QF 3532,,,International
QF 3535,,,International
QF 3535,,,International
QF 3564,,,International
QF 3564,,,International
QF 3565,,,International
QF 3565,,,International
QF 3567,,,International
QF 3567,,,International
QF 3578,,,International
QF 3578,,,International
QF 3803,,,International
QF 3803,,,International
QF 3804,,,International
QF 3804,,,International
QF 3807,,,International
QF 3807,,,International
QF 3810,,,International
QF 3810,,,International
QF 3811,,,International
QF 3811,,,International
QF 8001,,,International
QF 8001,,,International
QF 8002,,,International
QF 8002,,,International
QF 8003,,,International
QF 8003,,,International
QF 8004,,,International
QF 8004,,,International
QF 8005,,,International
QF 8005,,,International
QF 8029,,,International
QF 8029,,,International
QF 8030,,,International
QF 8030,,,International
QF 8031,,,International
QF 8032,,,International
QP 550,,,International
QP 551,,,International
QP 552,,,International
QP 553,,,International
QP 562,,,International
QP 563,,,International
QP 564,,,International
QP 596,,,International
QP 700,,,International
QP 701,,,International
QP 702,,,International
QP 703,,,International
QR 1,,,International
QR 1,,,International
QR 106,,,International
QR 108,,,International
QR 108,,,International
QR 1186,,,International
QR 1186,,,International
QR 1187,,,International
QR 1187,,,International
QR 1188,,,International
QR 1188,,,International
QR 1189,,,International
QR 1189,,,International
QR 1192,,,International
QR 1192,,,International
QR 1193,,,International
QR 1193,,,International
QR 12,,,International
QR 12,,,International
QR 1248,,,International
QR 1248,,,International
QR 1249,,,International
QR 1249,,,International
QR 1370,,,International
QR 15,,,International
QR 15,,,International
QR 16,,,International
QR 16,,,International
QR 266,,,International
QR 266,,,International
QR 3,,,International
QR 3,,,International
QR 3507,,,International
QR 3508,,,International
QR 3511,,,International
QR 3521,,,International
QR 3525,,,International
QR 4,,,International
QR 4,,,International
QR 4812,,,International
QR 4812,,,International
QR 4813,,,International
QR 4813,,,International
QR 4817,,,International
QR 4817,,,International
QR 5264,,,International
QR 5264,,,International
QR 5265,,,International
QR 5265,,,International
QR 5345,,,International
QR 5345,,,International
QR 5346,,,International
QR 5346,,,International
QR 5359,,,International
QR 5861,,,International
QR 5865,,,International
QR 5865,,,International
QR 5866,,,International
QR 5866,,,International
QR 5868,,,International
QR 5868,,,International
QR 5869,,,International
QR 5871,,,International
QR 5871,,,International
QR 5873,,,International
QR 5873,,,International
QR 5876,,,International
QR 5876,,,International
QR 5878,,,International
QR 5878,,,International
QR 5880,,,International
QR 5884,,,International
QR 5887,,,International
QR 5887,,,International
QR 5891,,,International
QR 5891,,,International
QR 5893,,,International
QR 5893,,,International
QR 5895,,,International
QR 5895,,,International
QR 5897,,,International
QR 5897,,,International
QR 5898,,,International
QR 5898,,,International
QR 5899,,,International
QR 5900,,,International
QR 5900,,,International
QR 5903,,,International
QR 5903,,,International
QR 5905,,,International
QR 5909,,,International
QR 5912,,,International
QR 5912,,,International
QR 5913,,,International
QR 5916,,,International
QR 5916,,,International
QR 5917,,,International
QR 5917,,,International
QR 5919,,,International
QR 5919,,,International
QR 5921,,,International
QR 5921,,,International
QR 5922,,,International
QR 5922,,,International
QR 5934,,,International
QR 5934,,,International
QR 5936,,,International
QR 5936,,,International
QR 5937,,,International
QR 5937,,,International
QR 5939,,,International
QR 5945,,,International
QR 5945,,,International
QR 5949,,,International
QR 5949,,,International
QR 5952,,,International
QR 5953,,,International
QR 5953,,,International
QR 5955,,,International
QR 5955,,,International
QR 5957,,,International
QR 5957,,,International
QR 5958,,,International
QR 5960,,,International
QR 5960,,,International
QR 5962,,,International
QR 5962,,,International
QR 5963,,,International
QR 5963,,,International
QR 5964,,,International
QR 5964,,,International
QR 5965,,,International
QR 5968,,,International
QR 5968,,,International
QR 5970,,,International
QR 5971,,,International
QR 5971,,,International
QR 5972,,,International
QR 5972,,,International
QR 5973,,,International
QR 5973,,,International
QR 5975,,,International
QR 5975,,,International
QR 5979,,,International
QR 5979,,,International
QR 5980,,,International
QR 5981,,,International
QR 5982,,,International
QR 5982,,,International
QR 5985,,,International
QR 5985,,,International
QR 5987,,,International
QR 5988,,,International
QR 5988,,,International
QR 5993,,,International
QR 5993,,,International
QR 5999,,,International
QR 6001,,,International
QR 6003,,,International
QR 6006,,,International
QR 6006,,,International
QR 6007,,,International
QR 6008,,,International
QR 6010,,,International
QR 6012,,,International
QR 6012,,,International
QR 6019,,,International
QR 6019,,,International
QR 6211,,,International
QR 6212,,,International
QR 6212,,,International
QR 6213,,,International
QR 6214,,,International
QR 6215,,,International
QR 6215,,,International
QR 6216,,,International
QR 6216,,,International
QR 6217,,,International
QR 6217,,,International
QR 6219,,,International
QR 6220,,,International
QR 6220,,,International
QR 6221,,,International
QR 6221,,,International
QR 6222,,,International
QR 6225,,,International
QR 6225,,,International
QR 6227,,,International
QR 6227,,,International
QR 6228,,,International
QR 6228,,,International
QR 6229,,,International
QR 6229,,,International
QR 6240,,,International
QR 6240,,,International
QR 6241,,,International
QR 6241,,,International
QR 6245,,,International
QR 6245,,,International
QR 6252,,,International
QR 6252,,,International
QR 6262,,,International
QR 6262,,,International
QR 6264,,,International
QR 6264,,,International
QR 6266,,,International
QR 6266,,,International
QR 6271,,,International
QR 6273,,,International
QR 6273,,,International
QR 6284,,,International
QR 6284,,,International
QR 6285,,,International
QR 6285,,,International
QR 6286,,,International
QR 6293,,,International
QR 6293,,,International
QR 6295,,,International
QR 6295,,,International
QR 6297,,,International
QR 6297,,,International
QR 6534,,,International
QR 6554,,,International
QR 6554,,,International
QR 6589,,,International
QR 6589,,,International
QR 6861,,,International
QR 6861,,,International
QR 6870,,,International
QR 6870,,,International
QR 6906,,,International
QR 6906,,,International
QR 6907,,,International
QR 6907,,,International
QR 6943,,,International
QR 6943,,,International
QR 7,,,International
QR 7,,,International
QR 8,,,International
QR 8,,,International
QR 8030,,,International
QR 8071,,,International
QR 8071,,,International
QR 8115,,,International
QR 8224,,,International
QR 8225,,,International
QR 8225,,,International
QR 8232,,,International
QR 8232,,,International
QR 8236,,,International
QR 8236,,,International
QR 8237,,,International
QR 8237,,,International
QR 8238,,,International
QR 8238,,,International
QR 8253,,,International
QR 8253,,,International
QR 8262,,,International
QR 8278,,,International
QR 8278,,,International
QR 8279,,,International
QR 8284,,,International
QR 8284,,,International
QR 8298,,,International
QR 8298,,,International
QR 8299,,,International
QR 8299,,,International
QR 8301,,,International
QR 8301,,,International
QR 8303,,,International
QR 8303,,,International
QR 8307,,,International
QR 8307,,,International
QR 8308,,,International
QR 8308,,,International
QR 8309,,,International
QR 8310,,,International
QR 8310,,,International
QR 8314,,,International
QR 8314,,,International
QR 8318,,,International
QR 8321,,,International
QR 8321,,,International
QR 8324,,,International
QR 8324,,,International
QR 8326,,,International
QR 8326,,,International
QR 8328,,,International
QR 8328,,,International
QR 8329,,,International
QR 8329,,,International
QR 8334,,,International
QR 8334,,,International
QR 8342,,,International
QR 8342,,,International
QR 8345,,,International
QR 8345,,,International
QR 8347,,,International
QR 8347,,,International
QR 8348,,,International
QR 8348,,,International
QR 8350,,,International
QR 8353,,,International
QR 8353,,,International
QR 8354,,,International
QR 8354,,,International
QR 8357,,,International
QR 8357,,,International
QR 8358,,,International
QR 8358,,,International
QR 8361,,,International
QR 8362,,,International
QR 8362,,,International
QR 8364,,,International
QR 8364,,,International
QR 8366,,,International
QR 8366,,,International
QR 8369,,,International
QR 8369,,,International
QR 8957,,,International
QR 8957,,,International
QR 8958,,,International
QR 8958,,,International
QR 9652,,,International
QR 9652,,,International
QR 9656,,,International
QR 9656,,,International
QR 9662,,,International
QR 9662,,,International
QR 9663,,,International
QR 9663,,,International
QR 9670,,,International
QR 9671,,,International
QR 9671,,,International
QR 9672,,,International
QR 9672,,,International
QR 9677,,,International
QR 9677,,,International
QR 9680,,,International
QR 9680,,,International
QR 9684,,,International
QR 9684,,,International
QR 9685,,,International
QR 9685,,,International
QR 9687,,,International
QR 9687,,,International
QR 9688,,,International
QR 9688,,,International
QR 9689,,,International
QR 9690,,,International
QR 9690,,,International
QR 9691,,,International
QR 9691,,,International
QR 9694,,,International
QR 9694,,,International
QR 9696,,,International
QR 9697,,,International
QR 9700,,,International
QR 9701,,,International
QR 9701,,,International
QR 9704,,,International
QR 9704,,,International
QR 9705,,,International
QR 9705,,,International
QR 9707,,,International
QR 9707,,,International
QR 9708,,,International
QR 9716,,,International
QR 9716,,,International
QR 9719,,,International
QR 9719,,,International
QR 9721,,,International
QR 9721,,,International
QR 9724,,,International
QR 9724,,,International
QR 9727,,,International
QR 9727,,,International
QR 9730,,,International
QR 9730,,,International
QR 9732,,,International
QR 9732,,,International
QR 9734,,,International
QR 9734,,,International
QR 9738,,,International
QR 9742,,,International
QR 9742,,,International
QR 9743,,,International
QR 9743,,,International
QR 9746,,,International
QR 9748,,,International
QR 9749,,,International
QR 9749,,,International
QR 9752,,,International
QR 9752,,,International
QR 9753,,,International
QR 9753,,,International
QR 9754,,,International
QR 9754,,,International
QR 9755,,,International
QR 9755,,,International
QR 9756,,,International
QR 9756,,,International
QR 9760,,,International
QR 9760,,,International
QR 9763,,,International
QR 9764,,,International
QR 9764,,,International
QR 9765,,,International
QR 9765,,,International
QR 9768,,,International
QR 9768,,,International
QR 9769,,,International
QR 9769,,,International
QR 9778,,,International
QR 9778,,,International
QR 9781,,,International
QR 9781,,,International
QR 9782,,,International
QR 9782,,,International
QR 9784,,,International
QR 9784,,,International
QR 9788,,,International
QR 9788,,,International
QR 9794,,,International
QR 9794,,,International
QR 9796,,,International
QR 9796,,,International
QR 9797,,,International
QR 9797,,,International
QR 9798,,,International
QR 9798,,,International
QR 9800,,,International
QX 2602,,,International
RJ 111,,,International
RJ 111,,,International
RJ 112,,,International
RJ 112,,,International
RJ 139,,,International
RJ 139,,,International
RJ 140,,,International
RJ 140,,,International
RJ 2206,,,International
RJ 2207,,,International
RJ 2208,,,International
RJ 7017,,,International
RJ 7017,,,International
RJ 703,,,International
RJ 7034,,,International
RJ 7034,,,International
RJ 706,,,International
RJ 706,,,International
RJ 707,,,International
RJ 707,,,International
RJ 7102,,,International
RJ 7102,,,International
RJ 7124,,,International
RJ 7968,,,International
RJ 7968,,,International
RK 570,,,International
RK 571,,,International
RR 7196,,,International
RR 7196,,,International
RR 7197,,,International
RR 7197,,,International
RR 7201,,,International
RR 7201,,,International
RR 7202,,,International
RR 7202,,,International
RR 7305,,,International
RR 7306,,,International
RR 7723,,,International
RR 7723,,,International
RR 7724,,,International
RR 7724,,,International
RSC 440,,,International
RSC 451,,,International
RSC 530,,,International
RSC 539,,,International
RX 17,,,International
RX 18,,,International
RX 2008,,,International
RX 2009,,,International
RX 2010,,,International
RX 2011,,,International
RX 2012,,,International
RX 2013,,,International
RX 2014,,,International
RX 2015,,,International
RX 2016,,,International
RX 2017,,,International
RX 2018,,,International
RX 2019,,,International
RX 2028,,,International
RX 2029,,,International
RX 2030,,,International
RX 2031,,,International
RX 2032,,,International
RX 2033,,,International
RX 2034,,,International
RX 2035,,,International
RX 2036,,,International
RX 2037,,,International
RX 2038,,,International
RX 2039,,,International
RX 2040,,,International
RX 23,,,International
RX 24,,,International
RX 27,,,International
RX 27,,,International
RX 28,,,International
RX 28,,,International
RX 402,,,International
S4 8047,,,International
S4 8047,,,International
S4 8048,,,International
S4 8048,,,International
S4 8250,,,International
S4 8250,,,International
S4 8603,,,International
S4 8603,,,International
S4 8614,,,International
S4 8614,,,International
S4 8616,,,International
S4 8616,,,International
S4 8619,,,International
S4 8619,,,International
S4 8620,,,International
S4 8620,,,International
S4 8625,,,International
S4 8625,,,International
SA 195,,,International
SA 226,,,International
SA 2491,,,International
SA 2492,,,International
SA 327,,,International
SA 332,,,International
SA 337,,,International
SA 342,,,International
SA 343,,,International
SA 347,,,International
SA 352,,,International
SA 354,,,International
SA 355,,,International
SA 359,,,International
SA 362,,,International
SA 366,,,International
SA 372,,,International
SA 375,,,International
SD 220,,,International
SD 220,,,International
SD 221,,,International
SD 221,,,International
SD 226,,,International
SD 226,,,International
SD 227,,,International
SD 227,,,International
SD 228,,,International
SD 228,,,International
SD 229,,,International
SD 229,,,International
SK 1527,,,International
SK 1527,,,International
SK 2775,,,International
SK 2775,,,International
SK 2776,,,International
SK 2776,,,International
SK 2981,,,International
SK 2982,,,International
SK 3972,,,International
SK 3972,,,International
SK 3974,,,International
SK 3974,,,International
SK 3976,,,International
SK 3976,,,International
SK 3977,,,International
SK 3977,,,International
SK 3979,,,International
SK 3979,,,International
SK 3980,,,International
SK 3980,,,International
SK 3981,,,International
SK 3981,,,International
SK 3983,,,International
SK 3983,,,International
SK 3984,,,International
SK 3984,,,International
SK 3985,,,International
SK 3985,,,International
SK 3986,,,International
SK 3986,,,International
SK 3987,,,International
SK 3987,,,International
SK 3988,,,International
SK 502,,,International
SK 503,,,International
SK 503,,,International
SK 504,,,International
SK 504,,,International
SK 505,,,International
SK 505,,,International
SK 506,,,International
SK 506,,,International
SK 527,,,International
SK 527,,,International
SK 528,,,International
SK 528,,,International
SK 531,,,International
SK 531,,,International
SK 532,,,International
SK 532,,,International
SK 6411,,,International
SK 6411,,,International
SK 6421,,,International
SK 6445,,,International
SK 6445,,,International
SK 6549,,,International
SK 6549,,,International
SK 6550,,,International
SK 6550,,,International
SK 6551,,,International
SK 6551,,,International
SK 6553,,,International
SK 6553,,,International
SK 6554,,,International
SK 6554,,,International
SK 6555,,,International
SK 6555,,,International
SK 8037,,,International
SK 8037,,,International
SK 8038,,,International
SK 8038,,,International
SK 8039,,,International
SK 8039,,,International
SK 804,,,International
SK 804,,,International
SK 8040,,,International
SK 8040,,,International
SK 8041,,,International
SK 8041,,,International
SK 805,,,International
SK 805,,,International
SK 806,,,International
SK 806,,,International
SM 453,,,International
SM 453,,,International
SM 454,,,International
SM 454,,,International
SM 475,,,International
SM 475,,,International
SM 476,,,International
SM 476,,,International
SM 949,,,International
SM 963,,,International
SM 964,,,International
SM 983,,,International
SM 984,,,International
SM 985,,,International
SM 986,,,International
SM 987,,,International
SM 988,,,International
SM 989,,,International
SM 990,,,International
SN 2093,,,International
SN 2094,,,International
SN 2094,,,International
SN 2103,,,International
SN 2103,,,International
SN 3787,,,International
SN 3788,,,International
SN 9024,,,International
SN 9024,,,International
SN 9036,,,International
SN 9038,,,International
SN 9038,,,International
SN 9040,,,International
SN 9040,,,International
SN 9041,,,International
SN 9042,,,International
SN 9042,,,International
SN 9043,,,International
SN 9043,,,International
SN 9046,,,International
SN 9046,,,International
SN 9051,,,International
SN 9051,,,International
SN 9056,,,International
SN 9056,,,International
SN 9057,,,International
SN 9061,,,International
SN 9061,,,International
SN 9079,,,International
SN 9079,,,International
SN 9080,,,International
SN 9080,,,International
SN 9085,,,International
SN 9085,,,International
SN 9086,,,International
SN 9088,,,International
SN 9088,,,International
SN 9089,,,International
SN 9089,,,International
SN 9097,,,International
SN 9097,,,International
SN 9099,,,International
SN 9100,,,International
SN 9100,,,International
SN 9101,,,International
SN 9101,,,International
SN 9103,,,International
SN 9103,,,International
SN 9106,,,International
SN 9106,,,International
SQ 1190,,,International
SQ 1190,,,International
SQ 1191,,,International
SQ 1191,,,International
SQ 2369,,,International
SQ 2369,,,International
SQ 2372,,,International
SQ 2372,,,International
SQ 2380,,,International
SQ 2380,,,International
SQ 2615,,,International
SQ 2615,,,International
SQ 2620,,,International
SQ 2620,,,International
SQ 2627,,,International
SQ 2627,,,International
SQ 2642,,,International
SQ 2642,,,International
SQ 2646,,,International
SQ 2646,,,International
SQ 2660,,,International
SQ 2660,,,International
SQ 2706,,,International
SQ 2770,,,International
SQ 2770,,,International
SQ 2771,,,International
SQ 2771,,,International
SQ 2774,,,International
SQ 2774,,,International
SQ 2775,,,International
SQ 2775,,,International
SQ 2776,,,International
SQ 2776,,,International
SQ 2777,,,International
SQ 2777,,,International
SQ 2779,,,International
SQ 2779,,,International
SQ 2786,,,International
SQ 2786,,,International
SQ 2796,,,International
SQ 2796,,,International
SQ 2823,,,International
SQ 2824,,,International
SQ 2824,,,International
SQ 2862,,,International
SQ 2862,,,International
SQ 2863,,,International
SQ 2863,,,International
SQ 308,,,International
SQ 308,,,International
SQ 317,,,International
SQ 317,,,International
SQ 318,,,International
SQ 318,,,International
SQ 319,,,International
SQ 319,,,International
SQ 321,,,International
SQ 321,,,International
SQ 4922,,,International
SQ 4922,,,International
SQ 4927,,,International
SQ 4927,,,International
SQ 4928,,,International
SQ 4928,,,International
SQ 4983,,,International
SQ 4984,,,International
SQ 4991,,,International
SQ 4992,,,International
SQ 4993,,,International
SQ 4994,,,International
SQ 5651,,,International
SQ 5651,,,International
SQ 5653,,,International
SQ 5653,,,International
SQ 5654,,,International
SQ 5654,,,International
SV 1031,,,International
SV 1031,,,International
SV 1032,,,International
SV 1032,,,International
SV 1033,,,International
SV 1033,,,International
SV 1034,,,International
SV 1034,,,International
SV 1035,,,International
SV 1035,,,International
SV 1036,,,International
SV 1036,,,International
SV 1037,,,International
SV 1037,,,International
SV 1038,,,International
SV 1038,,,International
SV 1039,,,International
SV 1039,,,International
SV 1040,,,International
SV 1040,,,International
SV 1041,,,International
SV 1041,,,International
SV 1042,,,International
SV 1042,,,International
SV 1043,,,International
SV 1043,,,International
SV 1044,,,International
SV 1044,,,International
SV 1045,,,International
SV 1045,,,International
SV 1046,,,International
SV 1046,,,International
SV 1047,,,International
SV 1047,,,International
SV 1048,,,International
SV 1048,,,International
SV 1049,,,International
SV 1049,,,International
SV 1050,,,International
SV 1050,,,International
SV 1051,,,International
SV 1051,,,International
SV 1052,,,International
SV 1052,,,International
SV 1053,,,International
SV 1053,,,International
SV 1054,,,International
SV 1054,,,International
SV 1056,,,International
SV 1078,,,International
SV 1078,,,International
SV 1079,,,International
SV 1079,,,International
SV 1081,,,International
SV 1081,,,International
SV 1084,,,International
SV 1085,,,International
SV 1086,,,International
SV 1086,,,International
SV 1087,,,International
SV 1091,,,International
SV 1091,,,International
SV 1109,,,International
SV 1109,,,International
SV 1113,,,International
SV 1113,,,International
SV 1115,,,International
SV 1115,,,International
SV 1116,,,International
SV 1116,,,International
SV 1117,,,International
SV 1117,,,International
SV 1118,,,International
SV 1118,,,International
SV 1122,,,International
SV 1122,,,International
SV 1124,,,International
SV 1124,,,International
SV 1125,,,International
SV 1125,,,International
SV 1126,,,International
SV 1126,,,International
SV 1128,,,International
SV 1129,,,International
SV 1129,,,International
SV 114,,,International
SV 115,,,International
SV 117,,,International
SV 117,,,International
SV 118,Jeddah King Abdulaziz,,International
SV 118,Jeddah King Abdulaziz,,International
SV 119,,Jeddah King Abdulaziz,International
SV 119,,Jeddah King Abdulaziz,International
SV 120,Jeddah King Abdulaziz,,International
SV 120,,London Heathrow,International
SV 120,Jeddah King Abdulaziz,,International
SV 120,,London Heathrow,International
SV 121,,,International
SV 121,,,International
SV 122,,,International
SV 122,,,International
SV 124,,,International
SV 124,,,International
SV 1250,,,International
SV 1250,,,International
SV 1251,,,International
SV 1251,,,International
SV 1257,,,International
SV 1257,,,International
SV 126,,,International
SV 126,,,International
SV 1290,,,International
SV 1290,,,International
SV 130,,,International
SV 130,,,International
SV 1324,,,International
SV 1324,,,International
SV 1325,,,International
SV 1325,,,International
SV 1382,,,International
SV 1382,,,International
SV 1383,,,International
SV 1383,,,International
SV 1428,,,International
SV 1428,,,International
SV 1429,,,International
SV 1429,,,International
SV 1430,,,International
SV 1430,,,International
SV 1431,,,International
SV 1431,,,International
SV 1485,,,International
SV 1485,,,International
SV 150,,,International
SV 150,,,International
SV 1535,,,International
SV 1535,,,International
SV 1542,,,International
SV 1543,,,International
SV 1543,,,International
SV 1544,,,International
SV 1544,,,International
SV 1545,,,International
SV 1545,,,International
SV 1546,,,International
SV 1546,,,International
SV 1553,,,International
SV 1553,,,International
SV 1554,,,International
SV 1554,,,International
SV 1566,,,International
SV 1566,,,International
SV 1567,,,International
SV 1567,,,International
SV 1581,,,International
SV 1581,,,International
SV 1582,,,International
SV 1582,,,International
SV 1632,,,International
SV 1633,,,International
SV 1640,,,International
SV 1640,,,International
SV 1648,,,International
SV 1649,,,International
SV 1649,,,International
SV 1650,,,International
SV 1651,,,International
SV 1652,,,International
SV 1652,,,International
SV 1653,,,International
SV 1653,,,International
SV 1655,,,International
SV 1655,,,International
SV 168,,,International
SV 168,,,International
SV 1704,,,International
SV 1704,,,International
SV 1705,,,International
SV 1705,,,International
SV 174,,,International
SV 174,,,International
SV 1740,,,International
SV 1740,,,International
SV 1741,,,International
SV 1741,,,International
SV 1767,,,International
SV 1768,,,International
SV 1769,,,International
SV 1769,,,International
SV 1780,,,International
SV 1780,,,International
SV 1792,,,International
SV 1792,,,International
SV 1793,,,International
SV 1793,,,International
SV 1799,,,International
SV 1799,,,International
SV 1850,,,International
SV 1851,,,International
SV 1856,,,International
SV 1856,,,International
SV 1888,,,International
SV 1888,,,International
SV 1889,,,International
SV 1889,,,International
SV 192,,,International
SV 192,,,International
SV 1924,,,International
SV 1924,,,International
SV 1925,,,International
SV 1925,,,International
SV 20,,,International
SV 20,,,International
SV 202,,,International
SV 202,,,International
SV 210,,,International
SV 210,,,International
SV 214,,,International
SV 214,,,International
SV 220,,,International
SV 220,,,International
SV 228,,,International
SV 232,,,International
SV 236,,,International
SV 236,,,International
SV 256,,,International
SV 256,,,International
SV 261,,,International
SV 266,,,International
SV 275,,,International
SV 278,,,International
SV 280,,,International
SV 300,,,International
SV 300,,,International
SV 302,,,International
SV 302,,,International
SV 303,,,International
SV 303,,,International
SV 304,,,International
SV 304,,,International
SV 305,,,International
SV 305,,,International
SV 306,,,International
SV 306,,,International
SV 309,,,International
SV 309,,,International
SV 325,,,International
SV 325,,,International
SV 3257,,,International
SV 326,,,International
SV 326,,,International
SV 330,,,International
SV 330,,,International
SV 332,,,International
SV 332,,,International
SV 340,,,International
SV 340,,,International
SV 350,,,International
SV 3650,,,International
SV 3653,,,International
SV 366,,,International
SV 366,,,International
SV 372,,,International
SV 372,,,International
SV 376,,,International
SV 376,,,International
SV 387,,,International
SV 387,,,International
SV 389,,,International
SV 389,,,International
SV 400,,,International
SV 400,,,International
SV 410,,,International
SV 410,,,International
SV 411,,,International
SV 411,,,International
SV 421,,,International
SV 421,,,International
SV 431,,,International
SV 4414,,,International
SV 4415,,,International
SV 4416,,,International
SV 4417,,,International
SV 4418,,,International
SV 4419,,,International
SV 4420,,,International
SV 4422,,,International
SV 4424,,,International
SV 4428,,,International
SV 4431,,,International
SV 4432,,,International
SV 4433,,,International
SV 4618,,,International
SV 4618,,,International
SV 4619,,,International
SV 4619,,,International
SV 4620,,,International
SV 4620,,,International
SV 4621,,,International
SV 4621,,,International
SV 4622,,,International
SV 4622,,,International
SV 4623,,,International
SV 4623,,,International
SV 4802,,,International
SV 4803,,,International
SV 4804,,,International
SV 4805,,,International
SV 4806,,,International
SV 4807,,,International
SV 4808,,,International
SV 4810,,,International
SV 4811,,,International
SV 4812,,,International
SV 4814,,,International
SV 4816,,,International
SV 4817,,,International
SV 4818,,,International
SV 4819,,,International
SV 4820,,,International
SV 4821,,,International
SV 4822,,,International
SV 4824,,,International
SV 4825,,,International
SV 4829,,,International
SV 4830,,,International
SV 4837,,,International
SV 4841,,,International
SV 4842,,,International
SV 4843,,,International
SV 4950,,,International
SV 4950,,,International
SV 4966,,,International
SV 4967,,,International
SV 4974,,,International
SV 4976,,,International
SV 505,,,International
SV 505,,,International
SV 539,,,International
SV 550,,,International
SV 550,,,International
SV 551,,,International
SV 551,,,International
SV 569,,,International
SV 569,,,International
SV 589,,,International
SV 589,,,International
SV 590,,,International
SV 594,,,International
SV 595,,,International
SV 62,,,International
SV 62,,,International
SV 632,,,International
SV 632,,,International
SV 6776,,,International
SV 6776,,,International
SV 6777,,,International
SV 6777,,,International
SV 6799,,,International
SV 6799,,,International
SV 704,,,International
SV 723,,,International
SV 723,,,International
SV 726,,,International
SV 735,,,International
SV 735,,,International
SV 738,,,International
SV 738,,,International
SV 759,,,International
SV 772,,,International
SV 801,,,International
SV 809,,,International
SV 809,,,International
SV 816,,,International
SV 817,,,International
SV 819,,,International
SV 819,,,International
SV 835,,,International
SV 835,,,International
SV 8650,,,International
SV 8653,,,International
SV 867,,,International
SV 867,,,International
SV 875,,,International
SV 882,,,International
SV 892,,,International
SY 3022,,,International
SY 3094,,,International
TB 1001,,,International
TB 1001,,,International
TB 1002,,,International
TB 1002,,,International
TB 1102,,,International
TB 1102,,,International
TB 1711,,,International
TB 1711,,,International
TCN 478,,,International
TCN 478,,,International
TG 5804,,,International
TG 5806,,,International
TG 5806,,,International
TG 5811,,,International
TG 5811,,,International
TG 5814,,,International
TG 5814,,,International
TG 5818,,,International
TG 5819,,,International
TG 6382,,,International
TG 6382,,,International
TG 6383,,,International
TG 6383,,,International
TG 911,,,International
TG 911,,,International
TG 916,,,International
TG 916,,,International
TG 917,,,International
TG 917,,,International
TK 126,,,International
TK 126,,,International
TK 127,,,International
TK 127,,,International
TK 1931,,,International
TK 1931,,,International
TK 1932,,,International
TK 1932,,,International
TK 1971,,,International
TK 1971,,,International
TK 1972,,,International
TK 1972,,,International
TK 1980,,,International
TK 1980,,,International
TK 1983,,,International
TK 1983,,,International
TK 1984,,,International
TK 1984,,,International
TK 1985,,,International
TK 1985,,,International
TK 1986,,,International
TK 1986,,,International
TK 1987,,,International
TK 1987,,,International
TK 1988,,,International
TK 1989,,,International
TK 1989,,,International
TK 1990,,,International
TK 1990,,,International
TK 44,,,International
TK 45,,,International
TK 5012,,,International
TK 7336,,,International
TK 7365,,,International
TK 7366,,,International
TK 8531,,,International
TK 8531,,,International
TK 8533,,,International
TK 8533,,,International
TK 92,,,International
TK 93,,,International
TK 94,,,International
TK 94,,,International
TO 3690,,,International
TO 3690,,,International
TO 3691,,,International
TO 3691,,,International
TP 1350,,,International
TP 1350,,,International
TP 1352,,,International
TP 1352,,,International
TP 1357,,,International
TP 1357,,,International
TP 1358,,,International
TP 1358,,,International
TP 1359,,,International
TP 1359,,,International
TP 1364,,,International
TP 1364,,,International
TP 1366,,,International
TP 1366,,,International
TP 1367,,,International
TP 1367,,,International
TP 1369,,,International
TP 1369,,,International
TP 4441,,,International
TP 4441,,,International
TP 5610,,,International
TP 5610,,,International
TP 5612,,,International
TP 5612,,,International
TP 5613,,,International
TP 5613,,,International
TP 6917,,,International
TP 6917,,,International
TP 6919,,,International
TP 6919,,,International
TP 6920,,,International
TP 6920,,,International
TP 6921,,,International
TP 6921,,,International
TP 6922,,,International
TP 6922,,,International
TP 6993,,,International
TP 6993,,,International
TP 7016,,,International
TP 7016,,,International
TP 7017,,,International
TP 7017,,,International
TP 7022,,,International
TP 7022,,,International
TP 7024,,,International
TP 7024,,,International
TP 7029,,,International
TP 7029,,,International
TP 7036,,,International
TP 7036,,,International
TP 7038,,,International
TP 7038,,,International
TP 7039,,,International
TP 7040,,,International
TP 7040,,,International
TP 8047,,,International
TP 8047,,,International
TP 8269,,,International
TP 8269,,,International
TP 8328,,,International
TP 8328,,,International
TP 8329,,,International
TP 8329,,,International
TP 8377,,,International
TP 8377,,,International
TP 8379,,,International
TP 8379,,,International
TP 8401,,,International
TP 8401,,,International
TP 8402,,,International
TP 8402,,,International
TP 8403,,,International
TP 8403,,,International
TP 8405,,,International
TP 8405,,,International
TP 8418,,,International
TP 8418,,,International
TP 8780,,,International
TP 8780,,,International
TP 8985,,,International
TP 8985,,,International
TR 796,,,International
TR 797,,,International
U2 1273,,,International
U2 1273,,,International
U2 1274,,,International
U2 1274,,,International
U2 1859,,,International
U2 1860,,,International
U2 2029,,,International
U2 2030,,,International
U2 2275,,,International
U2 2275,,,International
U2 2282,,,International
U2 2282,,,International
U2 2593,,,International
U2 2593,,,International
U2 2594,,,International
U2 2594,,,International
U2 2639,,,International
U2 2639,,,International
U2 2640,,,International
U2 2640,,,International
U2 2734,,,International
U2 2793,,,International
U2 2793,,,International
U2 2794,,,International
U2 2794,,,International
U2 2903,,,International
U2 2903,,,International
U2 2904,,,International
U2 2904,,,International
U2 3071,,,International
U2 3071,,,International
U2 3072,,,International
U2 3072,,,International
U2 3169,,,International
U2 3169,,,International
U2 3170,,,International
U2 3170,,,International
U2 3329,,,International
U2 3329,,,International
U2 3330,,,International
U2 3330,,,International
U2 3363,,,International
U2 3364,,,International
U2 3451,,,International
U2 3451,,,International
U2 3452,,,International
U2 3452,,,International
U2 3759,,,International
U2 3760,,,International
U2 4577,,,International
U2 4578,,,International
U2 4655,,,International
U2 4656,,,International
U2 5367,,,International
U2 5367,,,International
U2 5368,,,International
U2 5368,,,International
U2 6645,,,International
U2 6646,,,International
U2 7983,,,International
U2 7984,,,International
U2 7984,,,International
U2 8123,,,International
U2 8124,,,International
U2 8125,,,International
U2 8126,,,International
U2 8663,,,International
U2 8663,,,International
U2 8666,,,International
U2 8666,,,International
U2 8845,,,International
U2 8846,,,International
U2 8846,,,International
U2 8853,,,International
U2 8853,,,International
U2 8854,,,International
U2 8854,,,International
U8 102,,,International
U8 102,,,International
U8 105,,,International
U8 105,,,International
U8 106,,,International
U8 106,,,International
U8 107,,,International
UA 1122,,,International
UA 122,,,International
UA 122,,,International
UA 146,,,International
UA 147,,,International
UA 147,,,International
UA 15,,,International
UA 15,,,International
UA 16,,,International
UA 17,,,International
UA 2222,,,International
UA 26,,,International
UA 26,,,International
UA 262,,,International
UA 262,,,International
UA 263,,,International
UA 263,,,International
UA 4,,,International
UA 4,,,International
UA 5,,,International
UA 5,,,International
UA 5038,,,International
UA 5038,,,International
UA 5065,,,International
UA 5065,,,International
UA 6519,,,International
UA 6519,,,International
UA 6593,,,International
UA 6593,,,International
UA 6865,,,International
UA 6865,,,International
UA 6867,,,International
UA 6867,,,International
UA 6872,,,International
UA 6872,,,International
UA 6877,,,International
UA 6877,,,International
UA 6878,,,International
UA 6878,,,International
UA 6881,,,International
UA 6881,,,International
UA 6883,,,International
UA 6883,,,International
UA 6884,,,International
UA 6884,,,International
UA 6916,,,International
UA 6916,,,International
UA 6918,,,International
UA 6918,,,International
UA 6919,,,International
UA 6919,,,International
UA 6920,,,International
UA 6920,,,International
UA 6921,,,International
UA 6921,,,International
UA 6922,,,International
UA 6922,,,International
UA 7211,,,International
UA 7211,,,International
UA 7279,,,International
UA 7279,,,International
UA 7280,,,International
UA 7280,,,International
UA 7717,,,International
UA 7717,,,International
UA 7718,,,International
UA 7718,,,International
UA 7773,,,International
UA 7773,,,International
UA 7774,,,International
UA 7774,,,International
UA 7775,,,International
UA 7775,,,International
UA 8025,,,International
UA 8025,,,International
UA 8027,,,International
UA 8027,,,International
UA 8106,,,International
UA 8106,,,International
UA 8203,,,International
UA 8203,,,International
UA 8263,,,International
UA 8297,,,International
UA 8297,,,International
UA 8298,,,International
UA 8298,,,International
UA 8309,,,International
UA 8309,,,International
UA 8412,,,International
UA 8412,,,International
UA 8581,,,International
UA 8581,,,International
UA 8582,,,International
UA 8582,,,International
UA 8739,,,International
UA 8739,,,International
UA 8749,,,International
UA 8749,,,International
UA 8758,,,International
UA 8758,,,International
UA 8813,,,International
UA 8813,,,International
UA 900,,,International
UA 9088,,,International
UA 9088,,,International
UA 9100,,,International
UA 9100,,,International
UA 9166,,,International
UA 9166,,,International
UA 9175,,,International
UA 9175,,,International
UA 919,,,International
UA 919,,,International
UA 920,,,International
UA 921,,,International
UA 921,,,International
UA 9230,,,International
UA 9230,,,International
UA 924,,,International
UA 925,,,International
UA 925,,,International
UA 928,,,International
UA 928,,,International
UA 930,,,International
UA 930,,,International
UA 934,,,International
UA 934,,,International
UA 935,,,International
UA 935,,,International
UA 938,,,International
UA 938,,,International
UA 939,,,International
UA 939,,,International
UA 941,,,International
UA 941,,,International
UA 9440,,,International
UA 9440,,,International
UA 9450,,,International
UA 9450,,,International
UA 948,,,International
UA 948,,,International
UA 949,,,International
UA 949,,,International
UA 9552,,,International
UA 9552,,,International
UA 959,,,International
UA 959,,,International
UA 9621,,,International
UA 9621,,,International
UA 9622,,,International
UA 9622,,,International
UA 9625,,,International
UA 9625,,,International
UA 9631,,,International
UA 9631,,,International
UA 9634,,,International
UA 9634,,,International
UA 9635,,,International
UA 9635,,,International
UA 9638,,,International
UA 9739,,,International
UA 9739,,,International
UA 9740,,,International
UA 9740,,,International
UA 9744,,,International
UA 9744,,,International
UA 9757,,,International
UA 9757,,,International
UA 9758,,,International
UA 9758,,,International
UA 9759,,,International
UA 9759,,,International
UA 9760,,,International
UA 9760,,,International
UA 9762,,,International
UA 9762,,,International
UA 9905,,,International
UA 9905,,,International
UA 9986,,,International
UL 2017,,,International
UL 2022,,,International
UL 2022,,,International
UL 2024,,,International
UL 2024,,,International
UL 2030,,,International
UL 2030,,,International
UL 2032,,,International
UL 2032,,,International
UL 2037,,,International
UL 2850,,,International
UL 2850,,,International
UL 2855,,,International
UL 2855,,,International
UL 2859,,,International
UL 2859,,,International
UL 2860,,,International
UL 2860,,,International
UL 2861,,,International
UL 2861,,,International
UL 2868,,,International
UL 2868,,,International
UL 2869,,,International
UL 2869,,,International
UL 3201,,,International
UL 3201,,,International
UL 3235,,,International
UL 3235,,,International
UL 3237,,,International
UL 3237,,,International
UL 3240,,,International
UL 3240,,,International
UL 503,,,International
UL 503,,,International
UL 504,,,International
UL 504,,,International
UU 8281,,,International
UU 8281,,,International
UU 8581,,,International
UU 8581,,,International
UU 8780,,,International
UU 8780,,,International
UU 8781,,,International
UU 8781,,,International
UX 2131,,,International
UX 2132,,,International
UX 2133,,,International
UX 2135,,,International
UX 2136,,,International
UX 2137,,,International
UX 2138,,,International
UX 2148,,,International
UX 2149,,,International
UX 2150,,,International
UX 2151,,,International
UX 2154,,,International
UX 2161,,,International
UX 2162,,,International
UX 7028,,,International
UX 7029,,,International
UX 9073,,,International
UX 9076,,,International
UZ 1202,,,International
UZ 1203,,,International
V7 2030,,,International
V7 2031,,,International
V7 2828,,,International
V7 2829,,,International
V7 6131,,,International
V7 6133,,,International
VA 6042,,,International
VA 6069,,,International
VA 6069,,,International
VA 6070,,,International
VA 6070,,,International
VA 6106,,,International
VA 6106,,,International
VA 6107,,,International
VA 6107,,,International
VA 6108,,,International
VA 6108,,,International
VA 6109,,,International
VA 6109,,,International
VA 6220,,,International
VA 6220,,,International
VA 6281,,,International
VA 6281,,,International
VA 6295,,,International
VA 6295,,,International
VA 6357,,,International
VA 6357,,,International
VA 6359,,,International
VA 6359,,,International
VB 1414,,,International
VB 1415,,,International
VL 905,,,International
VL 905,,,International
VL 906,,,International
VL 906,,,International
VL 907,,,International
VL 907,,,International
VL 916,,,International
VL 916,,,International
VL 917,,,International
VL 917,,,International
VL 920,,,International
VL 920,,,International
VN 3192,,,International
VN 3192,,,International
VN 3194,,,International
VN 3194,,,International
VN 3195,,,International
VN 3195,,,International
VN 3196,,,International
VN 3196,,,International
VN 3197,,,International
VN 3197,,,International
VN 3224,,,International
VN 3652,,,International
VN 3652,,,International
VS 103,,,International
VS 103,,,International
VS 105,,,International
VS 105,,,International
VS 106,,,International
VS 106,,,International
VS 11,,,International
VS 11,,,International
VS 117,,,International
VS 117,,,International
VS 118,,,International
VS 118,,,International
VS 129,,,International
VS 129,,,International
VS 135,,,International
VS 135,,,International
VS 137,,,International
VS 137,,,International
VS 138,,,International
VS 138,,,International
VS 141,,,International
VS 141,,,International
VS 142,,,International
VS 142,,,International
VS 147,,,International
VS 147,,,International
VS 148,,,International
VS 148,,,International
VS 153,,,International
VS 153,,,International
VS 155,,,International
VS 155,,,International
VS 156,,,International
VS 156,,,International
VS 157,,,International
VS 157,,,International
VS 165,,,International
VS 165,,,International
VS 166,,,International
VS 19,,,International
VS 19,,,International
VS 20,,,International
VS 20,,,International
VS 208,,,International
VS 208,,,International
VS 209,,,International
VS 209,,,International
VS 21,,,International
VS 21,,,International
VS 22,,,International
VS 22,,,International
VS 23,,,International
VS 23,,,International
VS 24,,,International
VS 24,,,International
VS 25,,,International
VS 25,,,International
VS 26,,,International
VS 26,,,International
VS 300,,,International
VS 300,,,International
VS 301,,,International
VS 301,,,International
VS 302,,,International
VS 302,,,International
VS 316,,,International
VS 316,,,International
VS 317,,,International
VS 317,,,International
VS 346,,,International
VS 346,,,International
VS 347,,,International
VS 347,,,International
VS 354,,,International
VS 354,,,International
VS 355,,,International
VS 355,,,International
VS 358,,,International
VS 4007,,,International
VS 4007,,,International
VS 4010,,,International
VS 4010,,,International
VS 4019,,,International
VS 4019,,,International
VS 4020,,,International
VS 4029,,,International
VS 4029,,,International
VS 4036,,,International
VS 4036,,,International
VS 4037,,,International
VS 4037,,,International
VS 4039,,,International
VS 4039,,,International
VS 4040,,,International
VS 4040,,,International
VS 4041,,,International
VS 4041,,,International
VS 4045,,,International
VS 4045,,,International
VS 4067,,,International
VS 4067,,,International
VS 4087,,,International
VS 4087,,,International
VS 41,,,International
VS 411,,,International
VS 411,,,International
VS 412,,,International
VS 412,,,International
VS 42,,,International
VS 449,,,International
VS 449,,,International
VS 45,,,International
VS 45,,,International
VS 5,,,International
VS 5,,,International
VS 50,,,International
VS 5501,,,International
VS 5501,,,International
VS 5502,,,International
VS 5502,,,International
VS 5706,,,International
VS 5711,Jeddah King Abdulaziz,,International
VS 5711,Jeddah King Abdulaziz,,International
VS 5712,,,International
VS 5712,,,International
VS 5713,,,International
VS 5713,,,International
VS 5714,,,International
VS 5715,Jeddah King Abdulaziz,,International
VS 5715,Jeddah King Abdulaziz,,International
VS 5716,,Jeddah King Abdulaziz,International
VS 5716,,Jeddah King Abdulaziz,International
VS 5900,,,International
VS 5900,,,International
VS 5901,,,International
VS 5901,,,International
VS 5902,,,International
VS 5902,,,International
VS 5907,,,International
VS 5907,,,International
VS 5909,,,International
VS 5909,,,International
VS 5914,,,International
VS 5914,,,International
VS 5915,,,International
VS 5915,,,International
VS 5920,,,International
VS 5920,,,International
VS 5921,,,International
VS 5923,,,International
VS 5923,,,International
VS 5925,,,International
VS 5925,,,International
VS 5926,,,International
VS 5926,,,International
VS 5935,,,International
VS 5935,,,International
VS 6000,,,International
VS 6000,,,International
VS 6001,,,International
VS 6001,,,International
VS 6654,,,International
VS 6654,,,International
VS 6655,,,International
VS 6655,,,International
VS 6656,,,International
VS 6656,,,International
VS 6657,,,International
VS 6657,,,International
VS 6658,,,International
VS 6658,,,International
VS 6661,,,International
VS 6661,,,International
VS 6664,,,International
VS 6664,,,International
VS 6665,,,International
VS 6665,,,International
VS 7,,,International
VS 7049,,,International
VS 7049,,,International
VS 7051,,,International
VS 7051,,,International
VS 7052,,,International
VS 7052,,,International
VS 7053,,,International
VS 7053,,,International
VS 7060,,,International
VS 7062,,,International
VS 7062,,,International
VS 7063,,,International
VS 7063,,,International
VS 7064,,,International
VS 7064,,,International
VS 7066,,,International
VS 7066,,,International
VS 7500,,,International
VS 7500,,,International
VS 7501,,,International
VS 7501,,,International
VS 7700,,,International
VS 7700,,,International
VS 7701,,,International
VS 7701,,,International
VS 8201,,,International
VS 8201,,,International
VS 8202,,,International
VS 8202,,,International
VS 8203,,,International
VS 8204,,,International
VS 9,,,International
VS 9,,,International
VY 2470,,,International
VY 2471,,,International
VY 2473,,,International
VY 2474,,,International
VY 2475,,,International
VY 3136,,,International
VY 3137,,,International
VY 3140,,,International
VY 3141,,,International
VY 5003,,,International
VY 5003,,,International
VY 5163,,,International
VY 5176,,,International
VY 5176,,,International
VY 5179,,,International
VY 5179,,,International
VY 5180,,,International
VY 5180,,,International
VY 5181,,,International
VY 5181,,,International
VY 5185,,,International
VY 5186,,,International
VY 5186,,,International
VY 5187,,,International
VY 5187,,,International
VY 5226,,,International
VY 5226,,,International
VY 5227,,,International
VY 5227,,,International
VY 5230,,,International
VY 5230,,,International
VY 5420,,,International
VY 5420,,,International
VY 5421,,,International
VY 5421,,,International
VY 5428,,,International
VY 6022,,,International
VY 6022,,,International
VY 6023,,,International
VY 6023,,,International
VY 6187,,,International
VY 6188,,,International
VY 6310,,,International
VY 6310,,,International
VY 6311,,,International
VY 6311,,,International
VY 6652,,,International
VY 6652,,,International
VY 6653,,,International
VY 6653,,,International
VY 7112,,,International
VY 7112,,,International
VY 7113,,,International
VY 7113,,,International
VY 8960,,,International
VY 8960,,,International
VY 8961,,,International
VY 8961,,,International
W2 2053,,,International
W2 2054,,,International
W4 3481,,,International
W4 3481,,,International
W4 3482,,,International
W4 3482,,,International
W4 3571,,,International
W4 3571,,,International
W4 3572,,,International
W4 3572,,,International
W4 3693,,,International
W4 3693,,,International
W4 3694,,,International
W4 3694,,,International
W4 4632,,,International
W6 1251,,,International
W6 1251,,,International
W6 1252,,,International
W6 1252,,,International
W6 1552,,,International
W6 2719,,,International
W6 2719,,,International
W6 2720,,,International
W6 4552,,,International
W6 4552,,,International
W6 4569,,,International
W6 4569,,,International
W6 4570,,,International
W6 4599,,,International
W6 4599,,,International
W6 4632,,,International
W6 4665,,,International
W6 4665,,,International
WB 1001,,,International
WB 1001,,,International
WB 1097,,,International
WB 1097,,,International
WB 1098,,,International
WB 1098,,,International
WB 1135,,,International
WB 1135,,,International
WB 1138,,,International
WB 1138,,,International
WB 1139,,,International
WB 1139,,,International
WB 1195,,,International
WB 1195,,,International
WB 1400,,,International
WB 1400,,,International
WB 1404,,,International
WB 1404,,,International
WB 711,,,International
WK 372,,,International
WK 373,,,International
WS 1,,,International
WS 1,,,International
WS 2,,,International
WS 2,,,International
WS 5050,,,International
WS 5064,,,International
WS 5064,,,International
WS 5066,,,International
WS 5066,,,International
WS 5200,,,International
WS 5200,,,International
WS 5202,,,International
WS 5202,,,International
WS 5203,,,International
WS 5716,,,International
WS 5716,,,International
WS 5800,,,International
WS 5800,,,International
WS 5812,,,International
WS 5812,,,International
WS 5813,,,International
WS 5813,,,International
WS 5814,,,International
WS 5814,,,International
WS 5816,,,International
WS 5816,,,International
WY 101,,,International
WY 101,,,International
WY 102,,,International
WY 102,,,International
WY 675,,,International
WY 675,,,International
WY 676,,,International
WY 676,,,International
WY 689,,,International
WY 689,,,International
WY 690,,,International
WY 690,,,International
X4 1101,,,International
X4 1101,,,International
X4 1101,,,International
X4 1101,,,International
X4 1201,,,International
X4 1201,,,International
X4 1202,,,International
X4 1202,,,International
X4 1203,,,International
X4 1203,,,International
X4 1204,,,International
X4 1204,,,International
X4 1403,,,International
X4 1403,,,International
X4 1404,,,International
X4 1404,,,International
X4 1405,,,International
X4 1405,,,International
X4 1406,,,International
X4 1406,,,International
X4 1501,,,International
X4 1501,,,International
X4 1501,,,International
X4 1501,,,International
X4 1503,,,International
X4 1503,,,International
X4 1503,,,International
X4 1503,,,International
X4 1505,,,International
X4 1505,,,International
X4 1511,,,International
X4 1511,,,International
X4 1512,,,International
X4 1512,,,International
X4 1601,,,International
X4 1601,,,International
X4 1602,,,International
X4 1602,,,International
X4 1605,,,International
X4 1607,,,International
X4 1607,,,International
X4 1608,,,International
X4 1608,,,International
X4 1623,,,International
X4 1623,,,International
X4 1624,,,International
X4 1803,,,International
X4 1803,,,International
X4 1804,,,International
X4 1804,,,International
X4 301,,,International
X4 301,,,International
X4 302,,,International
X4 302,,,International
X4 303,,,International
X4 303,,,International
X4 304,,,International
X4 304,,,International
X4 305,,,International
X4 305,,,International
X4 306,,,International
XN 2732,,,International
XN 2733,,,International
XY 10,,,International
XY 11,,,International
XY 11,,,International
XY 12,,,International
XY 12,,,International
XY 15,,,International
XY 15,,,International
XY 19,,,International
XY 19,,,International
XY 21,,,International
XY 21,,,International
XY 22,,,International
XY 23,,,International
XY 23,,,International
XY 24,,,International
XY 24,,,International
XY 26,,,International
XY 29,,,International
XY 30,,,International
XY 32,,,International
XY 32,,,International
XY 33,,,International
XY 33,,,International
XY 34,,,International
XY 34,,,International
XY 35,,,International
XY 35,,,International
XY 36,,,International
XY 36,,,International
XY 37,,,International
XY 37,,,International
XY 38,,,International
XY 38,,,International
XY 39,,,International
XY 39,,,International
XY 40,,,International
XY 40,,,International
XY 4002,,,International
XY 4003,,,International
XY 4003,,,International
XY 4006,,,International
XY 4006,,,International
XY 4008,,,International
XY 405,,,International
XY 405,,,International
XY 406,,,International
XY 408,,,International
XY 408,,,International
XY 411,,,International
XY 411,,,International
XY 412,,,International
XY 412,,,International
XY 414,,,International
XY 414,,,International
XY 415,,,International
XY 415,,,International
XY 416,,,International
XY 416,,,International
XY 419,,,International
XY 419,,,International
XY 420,,,International
XY 420,,,International
XY 421,,,International
XY 421,,,International
XY 422,,,International
XY 435,,,International
XY 435,,,International
XY 441,,,International
XY 441,,,International
XY 442,,,International
XY 442,,,International
XY 449,,,International
XY 449,,,International
XY 45,,,International
XY 45,,,International
XY 450,,,International
XY 450,,,International
XY 454,,,International
XY 46,,,International
XY 46,,,International
XY 461,,,International
XY 494,,,International
XY 53,,,International
XY 53,,,International
XY 54,,,International
XY 54,,,International
XY 551,,,International
XY 551,,,International
XY 552,,,International
XY 552,,,International
XY 556,,,International
XY 556,,,International
XY 567,,,International
XY 567,,,International
XY 569,,,International
XY 569,,,International
XY 57,,,International
XY 57,,,International
XY 570,,,International
XY 570,,,International
XY 571,,,International
XY 571,,,International
XY 572,,,International
XY 572,,,International
XY 577,,,International
XY 578,,,International
XY 587,,,International
XY 588,,,International
XY 588,,,International
XY 589,,,International
XY 589,,,International
XY 59,,,International
XY 59,,,International
XY 591,,,International
XY 592,,,International
XY 592,,,International
XY 60,,,International
XY 60,,,International
XY 619,,,International
XY 62,,,International
XY 62,,,International
XY 621,,,International
XY 624,,,International
XY 624,,,International
XY 625,,,International
XY 625,,,International
XY 628,,,International
XY 628,,,International
XY 632,,,International
XY 632,,,International
XY 64,,,International
XY 640,,,International
XY 646,,,International
XY 646,,,International
XY 6462,,,International
XY 6462,,,International
XY 6463,,,International
XY 6463,,,International
XY 65,,,International
XY 650,,,International
XY 650,,,International
XY 66,,,International
XY 671,,,International
XY 674,,,International
XY 683,,,International
XY 7012,,,International
XY 7013,,,International
XY 7014,,,International
XY 7022,,,International
XY 7023,,,International
XY 9,,,International
Y4 480,,,International
Y4 481,,,International
ZH 887,,,International
ZH 887,,,International
ZH 888,,,International
ZH 888,,,International
ZN 412,,,International
ZN 421,,,International
ZN 428,,,International
ZN 441,,,International
ZN 462,,,International
ZN 471,,,International
ZN 4721,,,International
ZN 4731,,,International
ZN 482,,,International
ZN 489,,,International
ZN 497,,,International
ZN 522,,,International
ZN 531,,,International
ZN 538,,,International
ZN 548,,,International
ZN 549,,,International
ZN 556,,,International
ZN 557,,,International
ZN 566,,,International
ZN 567,,,International
ZN 570,,,International
ZN 571,,,International
ZN 576,,,International
ZN 582,,,International
ZN 583,,,International
ZN 587,,,International
ZN 5881,,,International
ZN 5891,,,International
ZN 591,,,International
ZN 782,,,International
ZN 785,,,International
ZN 786,,,International
